ticker,market,yahoo_ticker,name
005930,KOSPI,005930.KS,삼성전자
000660,KOSPI,000660.KS,SK하이닉스
373220,KOSPI,373220.KS,LG에너지솔루션
207940,KOSPI,207940.KS,삼성바이오로직스
012450,KOSPI,012450.KS,한화에어로스페이스
005935,KOSPI,005935.KS,삼성전자우
005380,KOSPI,005380.KS,현대차
000270,KOSPI,000270.KS,기아
105560,KOSPI,105560.KS,KB금융
329180,KOSPI,329180.KS,HD현대중공업
068270,KOSPI,068270.KS,셀트리온
034020,KOSPI,034020.KS,두산에너빌리티
035420,KOSPI,035420.KS,NAVER
055550,KOSPI,055550.KS,신한지주
042660,KOSPI,042660.KS,한화오션
028260,KOSPI,028260.KS,삼성물산
012330,KOSPI,012330.KS,현대모비스
032830,KOSPI,032830.KS,삼성생명
005490,KOSPI,005490.KS,POSCO홀딩스
009540,KOSPI,009540.KS,HD한국조선해양
015760,KOSPI,015760.KS,한국전력
035720,KOSPI,035720.KS,카카오
086790,KOSPI,086790.KS,하나금융지주
011200,KOSPI,011200.KS,HMM
064350,KOSPI,064350.KS,현대로템
051910,KOSPI,051910.KS,LG화학
138040,KOSPI,138040.KS,메리츠금융지주
000810,KOSPI,000810.KS,삼성화재
402340,KOSPI,402340.KS,SK스퀘어
316140,KOSPI,316140.KS,우리금융지주
267260,KOSPI,267260.KS,HD현대일렉트릭
096770,KOSPI,096770.KS,SK이노베이션
010130,KOSPI,010130.KS,고려아연
010140,KOSPI,010140.KS,삼성중공업
006400,KOSPI,006400.KS,삼성SDI
033780,KOSPI,033780.KS,KT&G
024110,KOSPI,024110.KS,기업은행
259960,KOSPI,259960.KS,크래프톤
034730,KOSPI,034730.KS,SK
030200,KOSPI,030200.KS,KT
323410,KOSPI,323410.KS,카카오뱅크
079550,KOSPI,079550.KS,LIG넥스원
066570,KOSPI,066570.KS,LG전자
003550,KOSPI,003550.KS,LG
018260,KOSPI,018260.KS,삼성에스디에스
017670,KOSPI,017670.KS,SK텔레콤
298040,KOSPI,298040.KS,효성중공업
003670,KOSPI,003670.KS,포스코퓨처엠
009150,KOSPI,009150.KS,삼성전기
086280,KOSPI,086280.KS,현대글로비스
267250,KOSPI,267250.KS,HD현대
006800,KOSPI,006800.KS,미래에셋증권
272210,KOSPI,272210.KS,한화시스템
352820,KOSPI,352820.KS,하이브
003230,KOSPI,003230.KS,삼양식품
000100,KOSPI,000100.KS,유한양행
000150,KOSPI,000150.KS,두산
047050,KOSPI,047050.KS,포스코인터내셔널
047810,KOSPI,047810.KS,한국항공우주
005830,KOSPI,005830.KS,DB손해보험
010120,KOSPI,010120.KS,LS ELECTRIC
003490,KOSPI,003490.KS,대한항공
443060,KOSPI,443060.KS,HD현대마린솔루션
377300,KOSPI,377300.KS,카카오페이
010620,KOSPI,010620.KS,HD현대미포
042700,KOSPI,042700.KS,한미반도체
071050,KOSPI,071050.KS,한국금융지주
021240,KOSPI,021240.KS,코웨이
326030,KOSPI,326030.KS,SK바이오팜
090430,KOSPI,090430.KS,아모레퍼시픽
180640,KOSPI,180640.KS,한진칼
000720,KOSPI,000720.KS,현대건설
000880,KOSPI,000880.KS,한화
010950,KOSPI,010950.KS,S-Oil
064400,KOSPI,064400.KS,LG씨엔에스
278470,KOSPI,278470.KS,에이피알
005940,KOSPI,005940.KS,NH투자증권
032640,KOSPI,032640.KS,LG유플러스
016360,KOSPI,016360.KS,삼성증권
005387,KOSPI,005387.KS,현대차2우B
029780,KOSPI,029780.KS,삼성카드
039490,KOSPI,039490.KS,키움증권
161390,KOSPI,161390.KS,한국타이어앤테크놀로지
009830,KOSPI,009830.KS,한화솔루션
088980,KOSPI,088980.KS,맥쿼리인프라
006260,KOSPI,006260.KS,LS
241560,KOSPI,241560.KS,두산밥캣
034220,KOSPI,034220.KS,LG디스플레이
028050,KOSPI,028050.KS,삼성E&A
251270,KOSPI,251270.KS,넷마블
051900,KOSPI,051900.KS,LG생활건강
004020,KOSPI,004020.KS,현대제철
007660,KOSPI,007660.KS,이수페타시스
138930,KOSPI,138930.KS,BNK금융지주
078930,KOSPI,078930.KS,GS
175330,KOSPI,175330.KS,JB금융지주
103140,KOSPI,103140.KS,풍산
001040,KOSPI,001040.KS,CJ
271560,KOSPI,271560.KS,오리온
307950,KOSPI,307950.KS,현대오토에버
036570,KOSPI,036570.KS,엔씨소프트
036460,KOSPI,036460.KS,한국가스공사
454910,KOSPI,454910.KS,두산로보틱스
022100,KOSPI,022100.KS,포스코DX
035250,KOSPI,035250.KS,강원랜드
011790,KOSPI,011790.KS,SKC
005385,KOSPI,005385.KS,현대차우
097950,KOSPI,097950.KS,CJ제일제당
011070,KOSPI,011070.KS,LG이노텍
302440,KOSPI,302440.KS,SK바이오사이언스
128940,KOSPI,128940.KS,한미약품
052690,KOSPI,052690.KS,한전기술
450080,KOSPI,450080.KS,에코프로머티
008930,KOSPI,008930.KS,한미사이언스
062040,KOSPI,062040.KS,산일전기
489790,KOSPI,489790.KS,한화비전
002380,KOSPI,002380.KS,KCC
011780,KOSPI,011780.KS,금호석유화학
017800,KOSPI,017800.KS,현대엘리베이터
088350,KOSPI,088350.KS,한화생명
026960,KOSPI,026960.KS,동서
042670,KOSPI,042670.KS,HD현대인프라코어
004990,KOSPI,004990.KS,롯데지주
082740,KOSPI,082740.KS,한화엔진
001440,KOSPI,001440.KS,대한전선
011170,KOSPI,011170.KS,롯데케미칼
031210,KOSPI,031210.KS,서울보증보험
012750,KOSPI,012750.KS,에스원
192820,KOSPI,192820.KS,코스맥스
111770,KOSPI,111770.KS,영원무역
383220,KOSPI,383220.KS,F&F
066970,KOSPI,066970.KS,엘앤에프
139480,KOSPI,139480.KS,이마트
483650,KOSPI,483650.KS,달바글로벌
018670,KOSPI,018670.KS,SK가스
462870,KOSPI,462870.KS,시프트업
002790,KOSPI,002790.KS,아모레퍼시픽홀딩스
001450,KOSPI,001450.KS,현대해상
051600,KOSPI,051600.KS,한전KPS
004370,KOSPI,004370.KS,농심
071970,KOSPI,071970.KS,HD현대마린엔진
030000,KOSPI,030000.KS,제일기획
018880,KOSPI,018880.KS,한온시스템
000240,KOSPI,000240.KS,한국앤컴퍼니
139130,KOSPI,139130.KS,iM금융지주
161890,KOSPI,161890.KS,한국콜마
028670,KOSPI,028670.KS,팬오션
012510,KOSPI,012510.KS,더존비즈온
081660,KOSPI,081660.KS,미스토홀딩스
001720,KOSPI,001720.KS,신영증권
361610,KOSPI,361610.KS,SK아이이테크놀로지
014680,KOSPI,014680.KS,한솔케미칼
003690,KOSPI,003690.KS,코리안리
000990,KOSPI,000990.KS,DB하이텍
000120,KOSPI,000120.KS,CJ대한통운
023530,KOSPI,023530.KS,롯데쇼핑
103590,KOSPI,103590.KS,일진전기
282330,KOSPI,282330.KS,BGF리테일
020560,KOSPI,020560.KS,아시아나항공
112610,KOSPI,112610.KS,씨에스윈드
009970,KOSPI,009970.KS,영원무역홀딩스
006040,KOSPI,006040.KS,동원산업
003570,KOSPI,003570.KS,SNT다이내믹스
008770,KOSPI,008770.KS,호텔신라
010060,KOSPI,010060.KS,OCI홀딩스
375500,KOSPI,375500.KS,DL이앤씨
069620,KOSPI,069620.KS,대웅제약
007340,KOSPI,007340.KS,DN오토모티브
204320,KOSPI,204320.KS,HL만도
006280,KOSPI,006280.KS,녹십자
005850,KOSPI,005850.KS,에스엘
006360,KOSPI,006360.KS,GS건설
004170,KOSPI,004170.KS,신세계
267270,KOSPI,267270.KS,HD현대건설기계
069960,KOSPI,069960.KS,현대백화점
007310,KOSPI,007310.KS,오뚜기
034230,KOSPI,034230.KS,파라다이스
336260,KOSPI,336260.KS,두산퓨얼셀
047040,KOSPI,047040.KS,대우건설
023590,KOSPI,023590.KS,다우기술
294870,KOSPI,294870.KS,HDC현대산업개발
017960,KOSPI,017960.KS,한국카본
000155,KOSPI,000155.KS,두산우
484870,KOSPI,484870.KS,엠앤씨솔루션
004800,KOSPI,004800.KS,효성
000080,KOSPI,000080.KS,하이트진로
009420,KOSPI,009420.KS,한올바이오파마
395400,KOSPI,395400.KS,SK리츠
011210,KOSPI,011210.KS,현대위아
012630,KOSPI,012630.KS,HDC
300720,KOSPI,300720.KS,한일시멘트
003090,KOSPI,003090.KS,대웅
001800,KOSPI,001800.KS,오리온홀딩스
007070,KOSPI,007070.KS,GS리테일
457190,KOSPI,457190.KS,이수스페셜티케미컬
073240,KOSPI,073240.KS,금호타이어
082640,KOSPI,082640.KS,동양생명
020150,KOSPI,020150.KS,롯데에너지머티리얼즈
005440,KOSPI,005440.KS,현대지에프홀딩스
032350,KOSPI,032350.KS,롯데관광개발
085620,KOSPI,085620.KS,미래에셋생명
003540,KOSPI,003540.KS,대신증권
005070,KOSPI,005070.KS,코스모신소재
009450,KOSPI,009450.KS,경동나비엔
001120,KOSPI,001120.KS,LX인터내셔널
003530,KOSPI,003530.KS,한화투자증권
137310,KOSPI,137310.KS,에스디바이오센서
005300,KOSPI,005300.KS,롯데칠성
192080,KOSPI,192080.KS,더블유게임즈
100090,KOSPI,100090.KS,SK오션플랜트
185750,KOSPI,185750.KS,종근당
051915,KOSPI,051915.KS,LG화학우
285130,KOSPI,285130.KS,SK케미칼
353200,KOSPI,353200.KS,대덕전자
00680K,KOSPI,00680K.KS,미래에셋증권2우B
280360,KOSPI,280360.KS,롯데웰푸드
089860,KOSPI,089860.KS,롯데렌탈
003240,KOSPI,003240.KS,태광산업
120110,KOSPI,120110.KS,코오롱인더
229640,KOSPI,229640.KS,LS에코에너지
001430,KOSPI,001430.KS,세아베스틸지주
330590,KOSPI,330590.KS,롯데리츠
009240,KOSPI,009240.KS,한샘
192400,KOSPI,192400.KS,쿠쿠홀딩스
004000,KOSPI,004000.KS,롯데정밀화학
100840,KOSPI,100840.KS,SNT에너지
000210,KOSPI,000210.KS,DL
000500,KOSPI,000500.KS,가온전선
365550,KOSPI,365550.KS,ESR켄달스퀘어리츠
000815,KOSPI,000815.KS,삼성화재우
298020,KOSPI,298020.KS,효성티앤씨
071320,KOSPI,071320.KS,지역난방공사
001740,KOSPI,001740.KS,SK네트웍스
415640,KOSPI,415640.KS,KB발해인프라
006120,KOSPI,006120.KS,SK디스커버리
004490,KOSPI,004490.KS,세방전지
030610,KOSPI,030610.KS,교보증권
030190,KOSPI,030190.KS,NICE평가정보
181710,KOSPI,181710.KS,NHN
114090,KOSPI,114090.KS,GKL
077970,KOSPI,077970.KS,STX엔진
036530,KOSPI,036530.KS,SNT홀딩스
108320,KOSPI,108320.KS,LX세미콘
064960,KOSPI,064960.KS,SNT모티브
014820,KOSPI,014820.KS,동원시스템즈
003030,KOSPI,003030.KS,세아제강지주
298050,KOSPI,298050.KS,HS효성첨단소재
008730,KOSPI,008730.KS,율촌화학
950210,KOSPI,950210.KS,프레스티지바이오파마
049770,KOSPI,049770.KS,동원F&B
001530,KOSPI,001530.KS,DI동일
079160,KOSPI,079160.KS,CJ CGV
039130,KOSPI,039130.KS,하나투어
000670,KOSPI,000670.KS,영풍
001680,KOSPI,001680.KS,대상
248070,KOSPI,248070.KS,솔루엠
475150,KOSPI,475150.KS,SK이터닉스
214320,KOSPI,214320.KS,이노션
002840,KOSPI,002840.KS,미원상사
00088K,KOSPI,00088K.KS,한화3우B
005180,KOSPI,005180.KS,빙그레
005250,KOSPI,005250.KS,녹십자홀딩스
499790,KOSPI,499790.KS,GS피앤엘
381970,KOSPI,381970.KS,케이카
075580,KOSPI,075580.KS,세진중공업
007700,KOSPI,007700.KS,F&F홀딩스
000640,KOSPI,000640.KS,동아쏘시오홀딩스
000070,KOSPI,000070.KS,삼양홀딩스
003470,KOSPI,003470.KS,유안타증권
268280,KOSPI,268280.KS,미원에스씨
451800,KOSPI,451800.KS,한화리츠
097230,KOSPI,097230.KS,HJ중공업
003620,KOSPI,003620.KS,KG모빌리티
005690,KOSPI,005690.KS,파미셀
003850,KOSPI,003850.KS,보령
079900,KOSPI,079900.KS,전진건설로봇
145720,KOSPI,145720.KS,덴티움
069260,KOSPI,069260.KS,TKG휴켐스
000370,KOSPI,000370.KS,한화손해보험
005810,KOSPI,005810.KS,풍산홀딩스
057050,KOSPI,057050.KS,현대홈쇼핑
002030,KOSPI,002030.KS,아세아
025540,KOSPI,025540.KS,한국단자
009410,KOSPI,009410.KS,태영건설
066575,KOSPI,066575.KS,LG전자우
293940,KOSPI,293940.KS,신한알파리츠
006650,KOSPI,006650.KS,대한유화
019170,KOSPI,019170.KS,신풍제약
005420,KOSPI,005420.KS,코스모화학
281820,KOSPI,281820.KS,케이씨텍
383800,KOSPI,383800.KS,LX홀딩스
001570,KOSPI,001570.KS,금양
010780,KOSPI,010780.KS,아이에스동서
284740,KOSPI,284740.KS,쿠쿠홈시스
006380,KOSPI,006380.KS,카프로
271940,KOSPI,271940.KS,일진하이솔루스
336370,KOSPI,336370.KS,솔루스첨단소재
016380,KOSPI,016380.KS,KG스틸
002020,KOSPI,002020.KS,코오롱
002350,KOSPI,002350.KS,넥센타이어
161000,KOSPI,161000.KS,애경케미칼
093050,KOSPI,093050.KS,LF
005390,KOSPI,005390.KS,신성통상
005880,KOSPI,005880.KS,대한해운
002960,KOSPI,002960.KS,한국쉘석유
014830,KOSPI,014830.KS,유니드
004690,KOSPI,004690.KS,삼천리
017940,KOSPI,017940.KS,E1
249420,KOSPI,249420.KS,일동제약
003300,KOSPI,003300.KS,한일홀딩스
453340,KOSPI,453340.KS,현대그린푸드
017810,KOSPI,017810.KS,풀무원
001270,KOSPI,001270.KS,부국증권
145990,KOSPI,145990.KS,삼양사
000400,KOSPI,000400.KS,롯데손해보험
089590,KOSPI,089590.KS,제주항공
178920,KOSPI,178920.KS,PI첨단소재
377740,KOSPI,377740.KS,바이오노트
071055,KOSPI,071055.KS,한국금융지주우
016800,KOSPI,016800.KS,퍼시스
006220,KOSPI,006220.KS,제주은행
001500,KOSPI,001500.KS,현대차증권
460860,KOSPI,460860.KS,동국제강
00104K,KOSPI,00104K.KS,CJ4우(전환)
097520,KOSPI,097520.KS,엠씨넥스
093370,KOSPI,093370.KS,후성
058650,KOSPI,058650.KS,세아홀딩스
001060,KOSPI,001060.KS,JW중외제약
344820,KOSPI,344820.KS,KCC글라스
456040,KOSPI,456040.KS,OCI
037270,KOSPI,037270.KS,YG PLUS
183190,KOSPI,183190.KS,아세아시멘트
322000,KOSPI,322000.KS,HD현대에너지솔루션
003545,KOSPI,003545.KS,대신증권우
002710,KOSPI,002710.KS,TCC스틸
090460,KOSPI,090460.KS,비에이치
034310,KOSPI,034310.KS,NICE
029530,KOSPI,029530.KS,신도리코
002240,KOSPI,002240.KS,고려제강
348950,KOSPI,348950.KS,제이알글로벌리츠
024720,KOSPI,024720.KS,콜마홀딩스
005610,KOSPI,005610.KS,SPC삼립
090435,KOSPI,090435.KS,아모레퍼시픽우
241590,KOSPI,241590.KS,화승엔터프라이즈
272450,KOSPI,272450.KS,진에어
306200,KOSPI,306200.KS,세아제강
017860,KOSPI,017860.KS,DS단석
013890,KOSPI,013890.KS,지누스
009900,KOSPI,009900.KS,명신산업
004700,KOSPI,004700.KS,조광피혁
170900,KOSPI,170900.KS,동아에스티
018250,KOSPI,018250.KS,애경산업
357120,KOSPI,357120.KS,코람코라이프인프라리츠
195870,KOSPI,195870.KS,해성디에스
403550,KOSPI,403550.KS,쏘카
016590,KOSPI,016590.KS,신대양제지
094800,KOSPI,094800.KS,맵스리얼티1
105630,KOSPI,105630.KS,한세실업
026890,KOSPI,026890.KS,스틱인베스트먼트
192650,KOSPI,192650.KS,드림텍
003280,KOSPI,003280.KS,흥아해운
006110,KOSPI,006110.KS,삼아알미늄
130660,KOSPI,130660.KS,한전산업
031430,KOSPI,031430.KS,신세계인터내셔날
091810,KOSPI,091810.KS,티웨이항공
092790,KOSPI,092790.KS,넥스틸
448730,KOSPI,448730.KS,삼성FN리츠
475560,KOSPI,475560.KS,더본코리아
003160,KOSPI,003160.KS,디아이
432320,KOSPI,432320.KS,KB스타리츠
033240,KOSPI,033240.KS,자화전자
003520,KOSPI,003520.KS,영진약품
005389,KOSPI,005389.KS,현대차3우B
034120,KOSPI,034120.KS,SBS
084010,KOSPI,084010.KS,대한제강
900140,KOSPI,900140.KS,엘브이엠씨홀딩스
016610,KOSPI,016610.KS,DB증권
027410,KOSPI,027410.KS,BGF
072710,KOSPI,072710.KS,농심홀딩스
126560,KOSPI,126560.KS,현대퓨처넷
006390,KOSPI,006390.KS,한일현대시멘트
003920,KOSPI,003920.KS,남양유업
003960,KOSPI,003960.KS,사조대림
060980,KOSPI,060980.KS,HL홀딩스
084690,KOSPI,084690.KS,대상홀딩스
007690,KOSPI,007690.KS,국도화학
020000,KOSPI,020000.KS,한섬
025860,KOSPI,025860.KS,남해화학
015360,KOSPI,015360.KS,INVENI
200880,KOSPI,200880.KS,서연이화
001940,KOSPI,001940.KS,KISCO홀딩스
093230,KOSPI,093230.KS,이아이디
005090,KOSPI,005090.KS,SGC에너지
000157,KOSPI,000157.KS,두산2우B
033270,KOSPI,033270.KS,유나이티드제약
104700,KOSPI,104700.KS,한국철강
005720,KOSPI,005720.KS,넥센
009160,KOSPI,009160.KS,SIMPAC
126720,KOSPI,126720.KS,수산인더스트리
011760,KOSPI,011760.KS,현대코퍼레이션
002310,KOSPI,002310.KS,아세아제지
003120,KOSPI,003120.KS,일성아이에스
009290,KOSPI,009290.KS,광동제약
010690,KOSPI,010690.KS,화신
286940,KOSPI,286940.KS,롯데이노베이트
001200,KOSPI,001200.KS,유진투자증권
003000,KOSPI,003000.KS,부광약품
035150,KOSPI,035150.KS,백산
005945,KOSPI,005945.KS,NH투자증권우
194370,KOSPI,194370.KS,제이에스코퍼레이션
001510,KOSPI,001510.KS,SK증권
011930,KOSPI,011930.KS,신성이엔지
017390,KOSPI,017390.KS,서울가스
034830,KOSPI,034830.KS,한국토지신탁
008970,KOSPI,008970.KS,동양철관
002320,KOSPI,002320.KS,한진
001390,KOSPI,001390.KS,KG케미칼
123890,KOSPI,123890.KS,한국자산신탁
002810,KOSPI,002810.KS,삼영무역
000680,KOSPI,000680.KS,LS네트웍스
029460,KOSPI,029460.KS,케이씨
136490,KOSPI,136490.KS,선진
226320,KOSPI,226320.KS,잇츠한불
003220,KOSPI,003220.KS,대원제약
009680,KOSPI,009680.KS,모토닉
092230,KOSPI,092230.KS,KPX홀딩스
000540,KOSPI,000540.KS,흥국화재
000320,KOSPI,000320.KS,노루홀딩스
015860,KOSPI,015860.KS,일진홀딩스
377190,KOSPI,377190.KS,디앤디플랫폼리츠
007810,KOSPI,007810.KS,코리아써키트
088260,KOSPI,088260.KS,이리츠코크렙
008060,KOSPI,008060.KS,대덕
108670,KOSPI,108670.KS,LX하우시스
122900,KOSPI,122900.KS,아이마켓코리아
001820,KOSPI,001820.KS,삼화콘덴서
005500,KOSPI,005500.KS,삼진제약
003350,KOSPI,003350.KS,한국화장품제조
004360,KOSPI,004360.KS,세방
001790,KOSPI,001790.KS,대한제당
012030,KOSPI,012030.KS,DB
051905,KOSPI,051905.KS,LG생활건강우
001340,KOSPI,001340.KS,PKC
001230,KOSPI,001230.KS,동국홀딩스
004430,KOSPI,004430.KS,송원산업
0030R0,KOSPI,0030R0.KS,대신밸류리츠
096760,KOSPI,096760.KS,JW홀딩스
005010,KOSPI,005010.KS,휴스틸
000490,KOSPI,000490.KS,대동
214420,KOSPI,214420.KS,토니모리
058430,KOSPI,058430.KS,포스코스틸리온
339770,KOSPI,339770.KS,교촌에프앤비
016880,KOSPI,016880.KS,웅진
001130,KOSPI,001130.KS,대한제분
037710,KOSPI,037710.KS,광주신세계
025000,KOSPI,025000.KS,KPX케미칼
138490,KOSPI,138490.KS,코오롱ENP
006060,KOSPI,006060.KS,화승인더
007570,KOSPI,007570.KS,일양약품
078520,KOSPI,078520.KS,에이블씨엔씨
001630,KOSPI,001630.KS,종근당홀딩스
004980,KOSPI,004980.KS,성신양회
000480,KOSPI,000480.KS,CR홀딩스
039570,KOSPI,039570.KS,HDC랩스
001460,KOSPI,001460.KS,BYC
007860,KOSPI,007860.KS,서연
044450,KOSPI,044450.KS,KSS해운
000140,KOSPI,000140.KS,하이트진로홀딩스
011500,KOSPI,011500.KS,한농화성
298690,KOSPI,298690.KS,에어부산
053210,KOSPI,053210.KS,스카이라이프
003200,KOSPI,003200.KS,일신방직
095720,KOSPI,095720.KS,웅진씽크빅
007160,KOSPI,007160.KS,사조산업
001780,KOSPI,001780.KS,알루코
117580,KOSPI,117580.KS,대성에너지
487570,KOSPI,487570.KS,HS효성
000430,KOSPI,000430.KS,대원강업
035510,KOSPI,035510.KS,신세계 I&C
334890,KOSPI,334890.KS,이지스밸류플러스리츠
016580,KOSPI,016580.KS,환인제약
105840,KOSPI,105840.KS,우진
084680,KOSPI,084680.KS,이월드
002900,KOSPI,002900.KS,TYM
001250,KOSPI,001250.KS,GS글로벌
037560,KOSPI,037560.KS,LG헬로비전
000520,KOSPI,000520.KS,삼일제약
002150,KOSPI,002150.KS,도화엔지니어링
005680,KOSPI,005680.KS,삼영전자
001750,KOSPI,001750.KS,한양증권
452260,KOSPI,452260.KS,한화갤러리아
033920,KOSPI,033920.KS,무학
008490,KOSPI,008490.KS,서흥
028100,KOSPI,028100.KS,동아지질
010820,KOSPI,010820.KS,퍼스텍
053690,KOSPI,053690.KS,한미글로벌
006340,KOSPI,006340.KS,대원전선
102260,KOSPI,102260.KS,동성케미컬
417310,KOSPI,417310.KS,코람코더원리츠
006405,KOSPI,006405.KS,삼성SDI우
102460,KOSPI,102460.KS,이연제약
272550,KOSPI,272550.KS,삼양패키징
071840,KOSPI,071840.KS,롯데하이마트
293480,KOSPI,293480.KS,하나제약
101530,KOSPI,101530.KS,해태제과식품
004380,KOSPI,004380.KS,삼익THK
271980,KOSPI,271980.KS,제일약품
030210,KOSPI,030210.KS,다올투자증권
000050,KOSPI,000050.KS,경방
213500,KOSPI,213500.KS,한솔제지
404990,KOSPI,404990.KS,신한서부티엔디리츠
003650,KOSPI,003650.KS,미창석유
005430,KOSPI,005430.KS,한국공항
128820,KOSPI,128820.KS,대성산업
009155,KOSPI,009155.KS,삼성전기우
070960,KOSPI,070960.KS,모나용평
007460,KOSPI,007460.KS,에이프로젠
011000,KOSPI,011000.KS,진원생명과학
234080,KOSPI,234080.KS,JW생명과학
001045,KOSPI,001045.KS,CJ우
018470,KOSPI,018470.KS,조일알미늄
019680,KOSPI,019680.KS,대교
097955,KOSPI,097955.KS,CJ제일제당 우
004710,KOSPI,004710.KS,한솔테크닉스
095570,KOSPI,095570.KS,AJ네트웍스
004560,KOSPI,004560.KS,현대비앤지스틸
036420,KOSPI,036420.KS,콘텐트리중앙
002100,KOSPI,002100.KS,경농
003555,KOSPI,003555.KS,LG우
011785,KOSPI,011785.KS,금호석유화학우
000020,KOSPI,000020.KS,동화약품
044820,KOSPI,044820.KS,코스맥스비티아이
083420,KOSPI,083420.KS,그린케미칼
003547,KOSPI,003547.KS,대신증권2우B
081000,KOSPI,081000.KS,일진다이아
100250,KOSPI,100250.KS,진양홀딩스
134380,KOSPI,134380.KS,미원화학
003070,KOSPI,003070.KS,코오롱글로벌
460850,KOSPI,460850.KS,동국씨엠
210980,KOSPI,210980.KS,SK디앤디
02826K,KOSPI,02826K.KS,삼성물산우B
068290,KOSPI,068290.KS,삼성출판사
009470,KOSPI,009470.KS,삼화전기
003830,KOSPI,003830.KS,대한화섬
009270,KOSPI,009270.KS,신원
004090,KOSPI,004090.KS,한국석유
462520,KOSPI,462520.KS,조선내화
090350,KOSPI,090350.KS,노루페인트
003610,KOSPI,003610.KS,방림
010580,KOSPI,010580.KS,에스엠벡셀
013580,KOSPI,013580.KS,계룡건설
009580,KOSPI,009580.KS,무림P&P
015230,KOSPI,015230.KS,대창단조
107590,KOSPI,107590.KS,미원홀딩스
025820,KOSPI,025820.KS,이구산업
016450,KOSPI,016450.KS,한세예스24홀딩스
010955,KOSPI,010955.KS,S-Oil우
000390,KOSPI,000390.KS,삼화페인트
009070,KOSPI,009070.KS,KCTC
363280,KOSPI,363280.KS,티와이홀딩스
002170,KOSPI,002170.KS,삼양통상
092200,KOSPI,092200.KS,디아이씨
011330,KOSPI,011330.KS,유니켐
000970,KOSPI,000970.KS,한국주철관
123690,KOSPI,123690.KS,한국화장품
079430,KOSPI,079430.KS,현대리바트
450140,KOSPI,450140.KS,코오롱모빌리티그룹
000860,KOSPI,000860.KS,강남제비스코
004250,KOSPI,004250.KS,NPC
002390,KOSPI,002390.KS,한독
007110,KOSPI,007110.KS,일신석재
000300,KOSPI,000300.KS,DH오토넥스
005950,KOSPI,005950.KS,이수화학
00279K,KOSPI,00279K.KS,아모레퍼시픽홀딩스3우C
003460,KOSPI,003460.KS,유화증권
006840,KOSPI,006840.KS,AK홀딩스
027970,KOSPI,027970.KS,한국제지
008110,KOSPI,008110.KS,대동전자
008350,KOSPI,008350.KS,남선알미늄
004970,KOSPI,004970.KS,신라교역
015890,KOSPI,015890.KS,태경산업
008040,KOSPI,008040.KS,사조동아원
092220,KOSPI,092220.KS,KEC
001520,KOSPI,001520.KS,동양
139990,KOSPI,139990.KS,아주스틸
000700,KOSPI,000700.KS,유수홀딩스
012320,KOSPI,012320.KS,경동인베스트
024090,KOSPI,024090.KS,디씨엠
094280,KOSPI,094280.KS,효성ITX
016710,KOSPI,016710.KS,대성홀딩스
069460,KOSPI,069460.KS,대호에이엘
350520,KOSPI,350520.KS,이지스레지던스리츠
007210,KOSPI,007210.KS,벽산
210540,KOSPI,210540.KS,디와이파워
003480,KOSPI,003480.KS,한진중공업홀딩스
001360,KOSPI,001360.KS,삼성제약
006490,KOSPI,006490.KS,인스코비
298000,KOSPI,298000.KS,효성화학
004140,KOSPI,004140.KS,동방
031440,KOSPI,031440.KS,신세계푸드
012610,KOSPI,012610.KS,경인양행
011280,KOSPI,011280.KS,태림포장
400760,KOSPI,400760.KS,NH올원리츠
014580,KOSPI,014580.KS,태경비케이
017370,KOSPI,017370.KS,우신시스템
002620,KOSPI,002620.KS,제일파마홀딩스
078000,KOSPI,078000.KS,텔코웨어
014710,KOSPI,014710.KS,사조씨푸드
317400,KOSPI,317400.KS,자이에스앤디
003720,KOSPI,003720.KS,삼영
020120,KOSPI,020120.KS,키다리스튜디오
244920,KOSPI,244920.KS,에이플러스에셋
033180,KOSPI,033180.KS,KH 필룩스
012800,KOSPI,012800.KS,대창
007540,KOSPI,007540.KS,샘표
005870,KOSPI,005870.KS,휴니드
014280,KOSPI,014280.KS,금강공업
214330,KOSPI,214330.KS,금호에이치티
004080,KOSPI,004080.KS,신흥
010100,KOSPI,010100.KS,한국무브넥스
077500,KOSPI,077500.KS,유니퀘스트
035000,KOSPI,035000.KS,HS애드
004150,KOSPI,004150.KS,한솔홀딩스
267850,KOSPI,267850.KS,아시아나IDT
063160,KOSPI,063160.KS,종근당바이오
019440,KOSPI,019440.KS,세아특수강
001020,KOSPI,001020.KS,페이퍼코리아
014160,KOSPI,014160.KS,대영포장
120030,KOSPI,120030.KS,조선선재
089470,KOSPI,089470.KS,HDC현대EP
005960,KOSPI,005960.KS,동부건설
006805,KOSPI,006805.KS,미래에셋증권우
033530,KOSPI,033530.KS,SJG세종
002990,KOSPI,002990.KS,금호건설
003580,KOSPI,003580.KS,HLB글로벌
480370,KOSPI,480370.KS,씨케이솔루션
000105,KOSPI,000105.KS,유한양행우
010660,KOSPI,010660.KS,화천기계
214390,KOSPI,214390.KS,경보제약
004310,KOSPI,004310.KS,현대약품
014530,KOSPI,014530.KS,극동유화
015590,KOSPI,015590.KS,DKME
248170,KOSPI,248170.KS,샘표식품
006890,KOSPI,006890.KS,태경케미컬
003060,KOSPI,003060.KS,에이프로젠바이오로직스
011690,KOSPI,011690.KS,와이투솔루션
267290,KOSPI,267290.KS,경동도시가스
005800,KOSPI,005800.KS,신영와코루
013570,KOSPI,013570.KS,디와이
011700,KOSPI,011700.KS,한신기계
002200,KOSPI,002200.KS,한국수출포장
264900,KOSPI,264900.KS,크라운제과
227840,KOSPI,227840.KS,현대코퍼레이션홀딩스
005740,KOSPI,005740.KS,크라운해태홀딩스
071090,KOSPI,071090.KS,하이스틸
034590,KOSPI,034590.KS,인천도시가스
017550,KOSPI,017550.KS,수산세보틱스
002450,KOSPI,002450.KS,삼익악기
058850,KOSPI,058850.KS,KTcs
006660,KOSPI,006660.KS,삼성공조
023450,KOSPI,023450.KS,동남합성
017900,KOSPI,017900.KS,광전자
016740,KOSPI,016740.KS,두올
067830,KOSPI,067830.KS,세이브존I&C
000180,KOSPI,000180.KS,성창기업지주
008700,KOSPI,008700.KS,아남전자
011810,KOSPI,011810.KS,STX
002780,KOSPI,002780.KS,진흥기업
002460,KOSPI,002460.KS,HS화성
004890,KOSPI,004890.KS,동일산업
079980,KOSPI,079980.KS,휴비스
021820,KOSPI,021820.KS,세원정공
008260,KOSPI,008260.KS,NI스틸
093240,KOSPI,093240.KS,형지엘리트
036580,KOSPI,036580.KS,팜스코
396690,KOSPI,396690.KS,미래에셋글로벌리츠
011150,KOSPI,011150.KS,CJ씨푸드
004840,KOSPI,004840.KS,DRB동일
000590,KOSPI,000590.KS,CS홀딩스
032560,KOSPI,032560.KS,황금에스티
002700,KOSPI,002700.KS,신일전자
023000,KOSPI,023000.KS,삼원강재
119650,KOSPI,119650.KS,KC코트렐
001080,KOSPI,001080.KS,만호제강
101140,KOSPI,101140.KS,인바이오젠
014790,KOSPI,014790.KS,HL D&I
002720,KOSPI,002720.KS,국제약품
163560,KOSPI,163560.KS,동일고무벨트
058860,KOSPI,058860.KS,KTis
004960,KOSPI,004960.KS,한신공영
001560,KOSPI,001560.KS,제일연마
000230,KOSPI,000230.KS,일동홀딩스
013520,KOSPI,013520.KS,화승코퍼레이션
014990,KOSPI,014990.KS,인디에프
010040,KOSPI,010040.KS,한국내화
011390,KOSPI,011390.KS,부산산업
012690,KOSPI,012690.KS,모나리자
023800,KOSPI,023800.KS,인지컨트롤스
006880,KOSPI,006880.KS,신송홀딩스
096775,KOSPI,096775.KS,SK이노베이션우
111380,KOSPI,111380.KS,동인기연
004830,KOSPI,004830.KS,덕성
006090,KOSPI,006090.KS,사조오양
03473K,KOSPI,03473K.KS,SK우
002600,KOSPI,002600.KS,조흥
014440,KOSPI,014440.KS,영보화학
009200,KOSPI,009200.KS,무림페이퍼
007280,KOSPI,007280.KS,한국특강
004720,KOSPI,004720.KS,팜젠사이언스
011230,KOSPI,011230.KS,삼화전자
001260,KOSPI,001260.KS,남광토건
009180,KOSPI,009180.KS,한솔로지스틱스
129260,KOSPI,129260.KS,인터지스
338100,KOSPI,338100.KS,NH프라임리츠
007590,KOSPI,007590.KS,동방아그로
016090,KOSPI,016090.KS,대현
010960,KOSPI,010960.KS,삼호개발
004100,KOSPI,004100.KS,태양금속
024900,KOSPI,024900.KS,디와이덕양
100220,KOSPI,100220.KS,비상교육
013360,KOSPI,013360.KS,일성건설
33626K,KOSPI,33626K.KS,두산퓨얼셀1우
372910,KOSPI,372910.KS,한컴라이프케어
001470,KOSPI,001470.KS,삼부토건
002220,KOSPI,002220.KS,한일철강
002630,KOSPI,002630.KS,오리엔트바이오
078935,KOSPI,078935.KS,GS우
001210,KOSPI,001210.KS,금호전기
004450,KOSPI,004450.KS,삼화왕관
013870,KOSPI,013870.KS,지엠비코리아
111110,KOSPI,111110.KS,호전실업
004540,KOSPI,004540.KS,깨끗한나라
002795,KOSPI,002795.KS,아모레퍼시픽홀딩스우
031820,KOSPI,031820.KS,아이티센씨티에스
000220,KOSPI,000220.KS,유유제약
004910,KOSPI,004910.KS,조광페인트
003560,KOSPI,003560.KS,IHQ
003925,KOSPI,003925.KS,남양유업우
001275,KOSPI,001275.KS,부국증권우
000910,KOSPI,000910.KS,유니온
092440,KOSPI,092440.KS,기신정기
007980,KOSPI,007980.KS,TP
009770,KOSPI,009770.KS,삼정펄프
055490,KOSPI,055490.KS,테이팩스
001380,KOSPI,001380.KS,SG글로벌
001290,KOSPI,001290.KS,상상인증권
003780,KOSPI,003780.KS,진양산업
004870,KOSPI,004870.KS,티웨이홀딩스
005750,KOSPI,005750.KS,대림바스
010770,KOSPI,010770.KS,평화홀딩스
002140,KOSPI,002140.KS,고려산업
000850,KOSPI,000850.KS,화천기공
102280,KOSPI,102280.KS,쌍방울
047400,KOSPI,047400.KS,유니온머티리얼
001550,KOSPI,001550.KS,조비
37550L,KOSPI,37550L.KS,DL이앤씨2우(전환)
018500,KOSPI,018500.KS,동원금속
011300,KOSPI,011300.KS,성안머티리얼스
006370,KOSPI,006370.KS,대구백화점
072130,KOSPI,072130.KS,유엔젤
075180,KOSPI,075180.KS,새론오토모티브
091090,KOSPI,091090.KS,세원이앤씨
003010,KOSPI,003010.KS,혜인
004060,KOSPI,004060.KS,SG세계물산
357250,KOSPI,357250.KS,미래에셋맵스리츠
009835,KOSPI,009835.KS,한화솔루션우
004770,KOSPI,004770.KS,써니전자
009190,KOSPI,009190.KS,대양금속
120115,KOSPI,120115.KS,코오롱인더우
041650,KOSPI,041650.KS,상신브레이크
085310,KOSPI,085310.KS,엔케이
013700,KOSPI,013700.KS,까뮤이앤씨
004440,KOSPI,004440.KS,삼일씨엔에스
000890,KOSPI,000890.KS,보해양조
481850,KOSPI,481850.KS,신한글로벌액티브리츠
021050,KOSPI,021050.KS,서원
378850,KOSPI,378850.KS,화승알앤에이
011420,KOSPI,011420.KS,갤럭시아에스엠
155660,KOSPI,155660.KS,DSR
002920,KOSPI,002920.KS,유성기업
023810,KOSPI,023810.KS,인팩
000650,KOSPI,000650.KS,천일고속
002760,KOSPI,002760.KS,보락
004920,KOSPI,004920.KS,씨아이테크
025620,KOSPI,025620.KS,제이준코스메틱
134790,KOSPI,134790.KS,시디즈
012160,KOSPI,012160.KS,영흥
000725,KOSPI,000725.KS,현대건설우
28513K,KOSPI,28513K.KS,SK케미칼우
025750,KOSPI,025750.KS,한솔홈데코
090080,KOSPI,090080.KS,평화산업
008870,KOSPI,008870.KS,금비
004410,KOSPI,004410.KS,서울식품
005305,KOSPI,005305.KS,롯데칠성우
008250,KOSPI,008250.KS,이건산업
019490,KOSPI,019490.KS,엑시큐어하이트론
118000,KOSPI,118000.KS,메타케어
465770,KOSPI,465770.KS,STX그린로지스
006740,KOSPI,006740.KS,영풍제지
000950,KOSPI,000950.KS,전방
092780,KOSPI,092780.KS,DYP
003080,KOSPI,003080.KS,SB성보
027740,KOSPI,027740.KS,마니커
058730,KOSPI,058730.KS,다스코
023350,KOSPI,023350.KS,한국종합기술
001620,KOSPI,001620.KS,케이비아이동국실업
017180,KOSPI,017180.KS,명문제약
002880,KOSPI,002880.KS,대유에이텍
009810,KOSPI,009810.KS,플레이그램
123700,KOSPI,123700.KS,SJM
025530,KOSPI,025530.KS,SJM홀딩스
001465,KOSPI,001465.KS,BYC우
007610,KOSPI,007610.KS,선도전기
002410,KOSPI,002410.KS,범양건영
069730,KOSPI,069730.KS,DSR제강
019180,KOSPI,019180.KS,티에이치엔
002360,KOSPI,002360.KS,SH에너지화학
006980,KOSPI,006980.KS,우성
006125,KOSPI,006125.KS,SK디스커버리우
010600,KOSPI,010600.KS,웰바이오텍
008420,KOSPI,008420.KS,문배철강
37550K,KOSPI,37550K.KS,DL이앤씨우
009320,KOSPI,009320.KS,아진전자부품
019175,KOSPI,019175.KS,신풍제약우
003465,KOSPI,003465.KS,유화증권우
026940,KOSPI,026940.KS,부국철강
020760,KOSPI,020760.KS,일진디스플
357430,KOSPI,357430.KS,마스턴프리미어리츠
003475,KOSPI,003475.KS,유안타증권우
023960,KOSPI,023960.KS,에쓰씨엔지니어링
025560,KOSPI,025560.KS,미래산업
145270,KOSPI,145270.KS,케이탑리츠
308170,KOSPI,308170.KS,씨티알모빌리티
017040,KOSPI,017040.KS,광명전기
446070,KOSPI,446070.KS,유니드비티플러스
000215,KOSPI,000215.KS,DL우
109070,KOSPI,109070.KS,주성코퍼레이션
012280,KOSPI,012280.KS,영화금속
006570,KOSPI,006570.KS,대림통상
051630,KOSPI,051630.KS,진양화학
009460,KOSPI,009460.KS,한창제지
014130,KOSPI,014130.KS,한익스프레스
069640,KOSPI,069640.KS,한세엠케이
049800,KOSPI,049800.KS,우진플라임
002870,KOSPI,002870.KS,신풍
010640,KOSPI,010640.KS,진양폴리
012200,KOSPI,012200.KS,계양전기
000040,KOSPI,000040.KS,KR모터스
023150,KOSPI,023150.KS,MH에탄올
005360,KOSPI,005360.KS,모나미
004270,KOSPI,004270.KS,남성
010420,KOSPI,010420.KS,한솔PNS
005030,KOSPI,005030.KS,부산주공
011090,KOSPI,011090.KS,에넥스
074610,KOSPI,074610.KS,이엔플러스
143210,KOSPI,143210.KS,핸즈코퍼레이션
005320,KOSPI,005320.KS,온타이드
003535,KOSPI,003535.KS,한화투자증권우
024890,KOSPI,024890.KS,대원화성
004365,KOSPI,004365.KS,세방우
002820,KOSPI,002820.KS,SUN&L
133820,KOSPI,133820.KS,화인베스틸
005820,KOSPI,005820.KS,원림
033250,KOSPI,033250.KS,체시스
001070,KOSPI,001070.KS,대한방직
000760,KOSPI,000760.KS,이화산업
008775,KOSPI,008775.KS,호텔신라우
006200,KOSPI,006200.KS,한국전자홀딩스
090370,KOSPI,090370.KS,메타랩스
33626L,KOSPI,33626L.KS,두산퓨얼셀2우B
002070,KOSPI,002070.KS,비비안
001140,KOSPI,001140.KS,국보
002420,KOSPI,002420.KS,세기상사
009140,KOSPI,009140.KS,경인전자
002690,KOSPI,002690.KS,동일제강
33637K,KOSPI,33637K.KS,솔루스첨단소재1우
013000,KOSPI,013000.KS,세우글로벌
003680,KOSPI,003680.KS,한성기업
024070,KOSPI,024070.KS,WISCOM
145210,KOSPI,145210.KS,다이나믹디자인
044380,KOSPI,044380.KS,주연테크
007120,KOSPI,007120.KS,미래아이앤지
001420,KOSPI,001420.KS,태원물산
012170,KOSPI,012170.KS,아센디오
084870,KOSPI,084870.KS,TBH글로벌
015020,KOSPI,015020.KS,이스타코
030720,KOSPI,030720.KS,동원수산
008600,KOSPI,008600.KS,윌비스
071950,KOSPI,071950.KS,코아스
003495,KOSPI,003495.KS,대한항공우
014910,KOSPI,014910.KS,성문전자
005110,KOSPI,005110.KS,한창
002210,KOSPI,002210.KS,동성제약
00499K,KOSPI,00499K.KS,롯데지주우
019685,KOSPI,019685.KS,대교우B
002025,KOSPI,002025.KS,코오롱우
005257,KOSPI,005257.KS,녹십자홀딩스2우
084670,KOSPI,084670.KS,동양고속
088790,KOSPI,088790.KS,진도
001685,KOSPI,001685.KS,대상우
001770,KOSPI,001770.KS,SHD
009310,KOSPI,009310.KS,참엔지니어링
002355,KOSPI,002355.KS,넥센타이어1우B
025890,KOSPI,025890.KS,한국주강
015260,KOSPI,015260.KS,에이엔피
010400,KOSPI,010400.KS,우진아이엔에스
108675,KOSPI,108675.KS,LX하우시스우
35320K,KOSPI,35320K.KS,대덕전자1우
007815,KOSPI,007815.KS,코리아써우
18064K,KOSPI,18064K.KS,한진칼우
000087,KOSPI,000087.KS,하이트진로2우B
009440,KOSPI,009440.KS,KC그린홀딩스
152550,KOSPI,152550.KS,한국ANKOR유전
005725,KOSPI,005725.KS,넥센우
33637L,KOSPI,33637L.KS,솔루스첨단소재2우B
001795,KOSPI,001795.KS,대한제당우
204210,KOSPI,204210.KS,스타에스엠리츠
004255,KOSPI,004255.KS,NPC우
140910,KOSPI,140910.KS,에이리츠
008500,KOSPI,008500.KS,일정실업
001067,KOSPI,001067.KS,JW중외제약2우B
145995,KOSPI,145995.KS,삼양사우
38380K,KOSPI,38380K.KS,LX홀딩스1우
000075,KOSPI,000075.KS,삼양홀딩스우
084695,KOSPI,084695.KS,대상홀딩스우
000225,KOSPI,000225.KS,유유제약1우
004835,KOSPI,004835.KS,덕성우
003075,KOSPI,003075.KS,코오롱글로벌우
004105,KOSPI,004105.KS,태양금속우
00806K,KOSPI,00806K.KS,대덕1우
001065,KOSPI,001065.KS,JW중외제약우
45014K,KOSPI,45014K.KS,코오롱모빌리티그룹우
006345,KOSPI,006345.KS,대원전선우
001755,KOSPI,001755.KS,한양증권우
001515,KOSPI,001515.KS,SK증권우
004985,KOSPI,004985.KS,성신양회우
000325,KOSPI,000325.KS,노루홀딩스우
26490K,KOSPI,26490K.KS,크라운제과우
36328K,KOSPI,36328K.KS,티와이홀딩스우
090355,KOSPI,090355.KS,노루페인트우
45226K,KOSPI,45226K.KS,한화갤러리아우
000545,KOSPI,000545.KS,흥국화재우
007575,KOSPI,007575.KS,일양약품우
000145,KOSPI,000145.KS,하이트진로홀딩스우
005745,KOSPI,005745.KS,크라운해태홀딩스우
014825,KOSPI,014825.KS,동원시스템즈우
00781K,KOSPI,00781K.KS,코리아써키트2우B
004545,KOSPI,004545.KS,깨끗한나라우
005965,KOSPI,005965.KS,동부건설우
012205,KOSPI,012205.KS,계양전기우
014285,KOSPI,014285.KS,금강공업우
008355,KOSPI,008355.KS,남선알미우
009415,KOSPI,009415.KS,태영건설우
002995,KOSPI,002995.KS,금호건설우
011155,KOSPI,011155.KS,CJ씨푸드1우
000227,KOSPI,000227.KS,유유제약2우B
002785,KOSPI,002785.KS,진흥기업우B
004415,KOSPI,004415.KS,서울식품우
001525,KOSPI,001525.KS,동양우
001527,KOSPI,001527.KS,동양2우B
014915,KOSPI,014915.KS,성문전자우
002787,KOSPI,002787.KS,진흥기업2우B
196170,KOSDAQ,196170.KQ,알테오젠
247540,KOSDAQ,247540.KQ,에코프로비엠
086520,KOSDAQ,086520.KQ,에코프로
087010,KOSDAQ,087010.KQ,펩트론
028300,KOSDAQ,028300.KQ,HLB
214450,KOSDAQ,214450.KQ,파마리서치
277810,KOSDAQ,277810.KQ,레인보우로보틱스
000250,KOSDAQ,000250.KQ,삼천당제약
141080,KOSDAQ,141080.KQ,리가켐바이오
145020,KOSDAQ,145020.KQ,휴젤
298380,KOSDAQ,298380.KQ,에이비엘바이오
214150,KOSDAQ,214150.KQ,클래시스
058470,KOSDAQ,058470.KQ,리노공업
950160,KOSDAQ,950160.KQ,코오롱티슈진
257720,KOSDAQ,257720.KQ,실리콘투
041510,KOSDAQ,041510.KQ,에스엠
214370,KOSDAQ,214370.KQ,케어젠
039030,KOSDAQ,039030.KQ,이오테크닉스
035900,KOSDAQ,035900.KQ,JYP Ent.
263750,KOSDAQ,263750.KQ,펄어비스
007390,KOSDAQ,007390.KQ,네이처셀
068760,KOSDAQ,068760.KQ,셀트리온제약
403870,KOSDAQ,403870.KQ,HPSP
082270,KOSDAQ,082270.KQ,젬백스
310210,KOSDAQ,310210.KQ,보로노이
357780,KOSDAQ,357780.KQ,솔브레인
140860,KOSDAQ,140860.KQ,파크시스템스
065350,KOSDAQ,065350.KQ,신성델타테크
237690,KOSDAQ,237690.KQ,에스티팜
005290,KOSDAQ,005290.KQ,동진쎄미켐
240810,KOSDAQ,240810.KQ,원익IPS
096530,KOSDAQ,096530.KQ,씨젠
122870,KOSDAQ,122870.KQ,와이지엔터테인먼트
348370,KOSDAQ,348370.KQ,엔켐
293490,KOSDAQ,293490.KQ,카카오게임즈
035760,KOSDAQ,035760.KQ,CJ ENM
036930,KOSDAQ,036930.KQ,주성엔지니어링
347850,KOSDAQ,347850.KQ,디앤디파마텍
253450,KOSDAQ,253450.KQ,스튜디오드래곤
018290,KOSDAQ,018290.KQ,브이티
328130,KOSDAQ,328130.KQ,루닛
064760,KOSDAQ,064760.KQ,티씨케이
083650,KOSDAQ,083650.KQ,비에이치아이
178320,KOSDAQ,178320.KQ,서진시스템
095340,KOSDAQ,095340.KS,ISC
039200,KOSDAQ,039200.KQ,오스코텍
078600,KOSDAQ,078600.KQ,대주전자재료
195940,KOSDAQ,195940.KQ,HK이노엔
140410,KOSDAQ,140410.KQ,메지온
376300,KOSDAQ,376300.KQ,디어유
336570,KOSDAQ,336570.KQ,원텍
358570,KOSDAQ,358570.KQ,지아이이노베이션
108490,KOSDAQ,108490.KQ,로보티즈
101490,KOSDAQ,101490.KQ,에스앤에스텍
086900,KOSDAQ,086900.KQ,메디톡스
112040,KOSDAQ,112040.KQ,위메이드
084370,KOSDAQ,084370.KQ,유진테크
042000,KOSDAQ,042000.KQ,카페24
003380,KOSDAQ,003380.KQ,하림지주
089030,KOSDAQ,089030.KQ,테크윙
213420,KOSDAQ,213420.KQ,덕산네오룩스
098460,KOSDAQ,098460.KQ,고영
160190,KOSDAQ,160190.KQ,하이젠알앤엠
323280,KOSDAQ,323280.KQ,태성
204270,KOSDAQ,204270.KQ,제이앤티씨
232140,KOSDAQ,232140.KQ,와이씨
067160,KOSDAQ,067160.KQ,SOOP
036830,KOSDAQ,036830.KQ,솔브레인홀딩스
225570,KOSDAQ,225570.KQ,넥슨게임즈
056190,KOSDAQ,056190.KQ,에스에프에이
226950,KOSDAQ,226950.KQ,올릭스
060370,KOSDAQ,060370.KQ,LS마린솔루션
014620,KOSDAQ,014620.KQ,성광벤드
085660,KOSDAQ,085660.KQ,차바이오텍
052400,KOSDAQ,052400.KQ,코나아이
067310,KOSDAQ,067310.KQ,하나마이크론
281740,KOSDAQ,281740.KQ,레이크머티리얼즈
033500,KOSDAQ,033500.KQ,동성화인텍
290650,KOSDAQ,290650.KQ,엘앤씨바이오
086450,KOSDAQ,086450.KQ,동국제약
137400,KOSDAQ,137400.KQ,피엔티
214430,KOSDAQ,214430.KQ,아이쓰리시스템
388720,KOSDAQ,388720.KQ,유일로보틱스
044490,KOSDAQ,044490.KQ,태웅
025980,KOSDAQ,025980.KQ,아난티
041190,KOSDAQ,041190.KQ,우리기술투자
251970,KOSDAQ,251970.KQ,펌텍코리아
161580,KOSDAQ,161580.KQ,필옵틱스
183300,KOSDAQ,183300.KQ,코미코
200670,KOSDAQ,200670.KQ,휴메딕스
222800,KOSDAQ,222800.KQ,심텍
417200,KOSDAQ,417200.KQ,LS머트리얼즈
218410,KOSDAQ,218410.KQ,RFHIC
335890,KOSDAQ,335890.KQ,비올
031980,KOSDAQ,031980.KQ,피에스케이홀딩스
241710,KOSDAQ,241710.KQ,코스메카코리아
078130,KOSDAQ,078130.KQ,국일제지
460930,KOSDAQ,460930.KQ,현대힘스
053800,KOSDAQ,053800.KQ,안랩
082920,KOSDAQ,082920.KQ,비츠로셀
121600,KOSDAQ,121600.KQ,나노신소재
131970,KOSDAQ,131970.KQ,두산테스나
030520,KOSDAQ,030520.KQ,한글과컴퓨터
419530,KOSDAQ,419530.KQ,SAMG엔터
060250,KOSDAQ,060250.KQ,NHN KCP
101730,KOSDAQ,101730.KQ,위메이드맥스
033100,KOSDAQ,033100.KQ,제룡전기
009520,KOSDAQ,009520.KQ,포스코엠텍
032190,KOSDAQ,032190.KQ,다우데이타
102710,KOSDAQ,102710.KQ,이엔에프테크놀로지
319660,KOSDAQ,319660.KQ,피에스케이
032820,KOSDAQ,032820.KQ,우리기술
445680,KOSDAQ,445680.KQ,큐리옥스바이오시스템즈
025320,KOSDAQ,025320.KQ,시노펙스
058970,KOSDAQ,058970.KQ,엠로
222080,KOSDAQ,222080.KQ,씨아이에스
440110,KOSDAQ,440110.KQ,파두
067630,KOSDAQ,067630.KQ,HLB생명과학
211050,KOSDAQ,211050.KQ,인카금융서비스
023160,KOSDAQ,023160.KQ,태광
064260,KOSDAQ,064260.KQ,다날
319400,KOSDAQ,319400.KQ,현대무벡스
006730,KOSDAQ,006730.KQ,서부T&D
058610,KOSDAQ,058610.KQ,에스피지
399720,KOSDAQ,399720.KQ,가온칩스
383310,KOSDAQ,383310.KQ,에코프로에이치엔
053030,KOSDAQ,053030.KQ,바이넥스
272290,KOSDAQ,272290.KQ,이녹스첨단소재
036540,KOSDAQ,036540.KQ,SFA반도체
084110,KOSDAQ,084110.KQ,휴온스글로벌
215200,KOSDAQ,215200.KQ,메가스터디교육
099320,KOSDAQ,099320.KQ,쎄트렉아이
095660,KOSDAQ,095660.KQ,네오위즈
047920,KOSDAQ,047920.KQ,HLB제약
036620,KOSDAQ,036620.KQ,감성코퍼레이션
080220,KOSDAQ,080220.KQ,제주반도체
032500,KOSDAQ,032500.KQ,케이엠더블유
036810,KOSDAQ,036810.KQ,에프에스티
166090,KOSDAQ,166090.KQ,하나머티리얼즈
095610,KOSDAQ,095610.KQ,테스
119850,KOSDAQ,119850.KQ,지엔씨에너지
194480,KOSDAQ,194480.KQ,데브시스터즈
189300,KOSDAQ,189300.KQ,인텔리안테크
015750,KOSDAQ,015750.KQ,성우하이텍
099190,KOSDAQ,099190.KQ,아이센스
069080,KOSDAQ,069080.KQ,웹젠
074600,KOSDAQ,074600.KQ,원익QnC
348210,KOSDAQ,348210.KQ,넥스틴
078340,KOSDAQ,078340.KQ,컴투스
372320,KOSDAQ,372320.KQ,큐로셀
204620,KOSDAQ,204620.KQ,글로벌텍스프리
025900,KOSDAQ,025900.KQ,동화기업
397030,KOSDAQ,397030.KQ,에이프릴바이오
206650,KOSDAQ,206650.KQ,유바이오로직스
059090,KOSDAQ,059090.KQ,미코
365340,KOSDAQ,365340.KQ,성일하이텍
304100,KOSDAQ,304100.KQ,솔트룩스
052020,KOSDAQ,052020.KQ,에스티큐브
340570,KOSDAQ,340570.KQ,티앤엘
466100,KOSDAQ,466100.KQ,클로봇
389260,KOSDAQ,389260.KQ,대명에너지
475830,KOSDAQ,475830.KQ,오름테라퓨틱
278280,KOSDAQ,278280.KQ,천보
030530,KOSDAQ,030530.KQ,원익홀딩스
389650,KOSDAQ,389650.KQ,넥스트바이오메디컬
034950,KOSDAQ,034950.KQ,한국기업평가
314930,KOSDAQ,314930.KQ,바이오다인
179900,KOSDAQ,179900.KQ,유티아이
098070,KOSDAQ,098070.KQ,한텍
448280,KOSDAQ,448280.KQ,에코아이
131290,KOSDAQ,131290.KQ,티에스이
093320,KOSDAQ,093320.KQ,케이아이엔엑스
200130,KOSDAQ,200130.KQ,콜마비앤에이치
035890,KOSDAQ,035890.KQ,서희건설
046890,KOSDAQ,046890.KQ,서울반도체
215000,KOSDAQ,215000.KQ,골프존
424870,KOSDAQ,424870.KQ,이뮨온시아
458870,KOSDAQ,458870.KQ,씨어스테크놀로지
101160,KOSDAQ,101160.KQ,월덱스
101360,KOSDAQ,101360.KQ,에코앤드림
099430,KOSDAQ,099430.KQ,바이오플러스
093520,KOSDAQ,093520.KQ,매커스
215600,KOSDAQ,215600.KQ,신라젠
462860,KOSDAQ,462860.KQ,더즌
122640,KOSDAQ,122640.KQ,예스티
352480,KOSDAQ,352480.KQ,씨앤씨인터내셔널
065680,KOSDAQ,065680.KQ,우주일렉트로
441270,KOSDAQ,441270.KQ,파인엠텍
287840,KOSDAQ,287840.KQ,인투셀
124500,KOSDAQ,124500.KQ,아이티센글로벌
220100,KOSDAQ,220100.KQ,퓨쳐켐
347700,KOSDAQ,347700.KQ,스피어
102940,KOSDAQ,102940.KQ,코오롱생명과학
416180,KOSDAQ,416180.KQ,신성에스티
094480,KOSDAQ,094480.KQ,갤럭시아머니트리
171090,KOSDAQ,171090.KQ,선익시스템
079370,KOSDAQ,079370.KQ,제우스
437730,KOSDAQ,437730.KQ,삼현
050890,KOSDAQ,050890.KQ,쏠리드
127120,KOSDAQ,127120.KQ,제이에스링크
253590,KOSDAQ,253590.KQ,네오셈
425420,KOSDAQ,425420.KQ,티에프이
450950,KOSDAQ,450950.KQ,아스테라시스
064550,KOSDAQ,064550.KQ,바이오니아
484120,KOSDAQ,484120.KQ,도우인시스
041960,KOSDAQ,041960.KQ,코미팜
056080,KOSDAQ,056080.KQ,유진로봇
094170,KOSDAQ,094170.KQ,동운아나텍
402030,KOSDAQ,402030.KQ,코난테크놀로지
091700,KOSDAQ,091700.KQ,파트론
108860,KOSDAQ,108860.KQ,셀바스AI
078160,KOSDAQ,078160.KQ,메디포스트
101930,KOSDAQ,101930.KQ,인화정공
094360,KOSDAQ,094360.KQ,칩스앤미디어
013030,KOSDAQ,013030.KQ,하이록코리아
294570,KOSDAQ,294570.KQ,쿠콘
038500,KOSDAQ,038500.KQ,삼표시멘트
100790,KOSDAQ,100790.KQ,미래에셋벤처투자
228760,KOSDAQ,228760.KQ,지노믹트리
043150,KOSDAQ,043150.KQ,바텍
082800,KOSDAQ,082800.KQ,비보존 제약
115180,KOSDAQ,115180.KQ,큐리언트
308430,KOSDAQ,308430.KQ,셀비온
083450,KOSDAQ,083450.KQ,GST
200710,KOSDAQ,200710.KQ,에이디테크놀로지
472850,KOSDAQ,472850.KQ,폰드그룹
256840,KOSDAQ,256840.KQ,한국비엔씨
455900,KOSDAQ,455900.KQ,엔젤로보틱스
060280,KOSDAQ,060280.KQ,큐렉소
194700,KOSDAQ,194700.KQ,노바렉스
445090,KOSDAQ,445090.KQ,에이직랜드
095500,KOSDAQ,095500.KQ,미래나노텍
950170,KOSDAQ,950170.KQ,JTC
317330,KOSDAQ,317330.KQ,덕산테코피아
243070,KOSDAQ,243070.KQ,휴온스
230360,KOSDAQ,230360.KQ,에코마케팅
025770,KOSDAQ,025770.KQ,한국정보통신
051500,KOSDAQ,051500.KQ,CJ프레시웨이
045100,KOSDAQ,045100.KQ,한양이엔지
089010,KOSDAQ,089010.KQ,켐트로닉스
389470,KOSDAQ,389470.KQ,인벤티지랩
045390,KOSDAQ,045390.KQ,대아티아이
079940,KOSDAQ,079940.KQ,가비아
420770,KOSDAQ,420770.KQ,기가비스
217270,KOSDAQ,217270.KQ,넵튠
003800,KOSDAQ,003800.KQ,에이스침대
206640,KOSDAQ,206640.KQ,바디텍메드
114190,KOSDAQ,114190.KQ,강원에너지
295310,KOSDAQ,295310.KQ,에이치브이엠
473980,KOSDAQ,473980.KQ,노머스
136480,KOSDAQ,136480.KQ,하림
115450,KOSDAQ,115450.KQ,HLB테라퓨틱스
144510,KOSDAQ,144510.KQ,지씨셀
041830,KOSDAQ,041830.KQ,인바디
452450,KOSDAQ,452450.KQ,피아이이
084850,KOSDAQ,084850.KQ,아이티엠반도체
475960,KOSDAQ,475960.KQ,토모큐브
054950,KOSDAQ,054950.KQ,제이브이엠
107640,KOSDAQ,107640.KQ,한중엔시에스
018310,KOSDAQ,018310.KQ,삼목에스폼
053300,KOSDAQ,053300.KQ,한국정보인증
068240,KOSDAQ,068240.KQ,다원시스
039440,KOSDAQ,039440.KQ,에스티아이
377450,KOSDAQ,377450.KQ,리파인
051980,KOSDAQ,051980.KQ,중앙첨단소재
260970,KOSDAQ,260970.KQ,에스앤디
031330,KOSDAQ,031330.KQ,에스에이엠티
104830,KOSDAQ,104830.KQ,원익머트리얼즈
053610,KOSDAQ,053610.KQ,프로텍
092730,KOSDAQ,092730.KQ,네오팜
481070,KOSDAQ,481070.KQ,에이유브랜즈
357550,KOSDAQ,357550.KQ,석경에이티
176750,KOSDAQ,176750.KQ,듀켐바이오
035600,KOSDAQ,035600.KQ,KG이니시스
378340,KOSDAQ,378340.KQ,필에너지
041020,KOSDAQ,041020.KQ,폴라리스오피스
267980,KOSDAQ,267980.KQ,매일유업
151860,KOSDAQ,151860.KQ,KG에코솔루션
252990,KOSDAQ,252990.KQ,샘씨엔에스
060720,KOSDAQ,060720.KQ,KH바텍
439090,KOSDAQ,439090.KQ,마녀공장
058820,KOSDAQ,058820.KQ,CMG제약
334970,KOSDAQ,334970.KQ,프레스티지바이오로직스
950140,KOSDAQ,950140.KQ,잉글우드랩
394280,KOSDAQ,394280.KQ,오픈엣지테크놀로지
463020,KOSDAQ,463020.KQ,뉴엔AI
123330,KOSDAQ,123330.KQ,제닉
048410,KOSDAQ,048410.KQ,현대바이오
013120,KOSDAQ,013120.KQ,동원개발
418550,KOSDAQ,418550.KQ,제이오
090710,KOSDAQ,090710.KQ,휴림로봇
089980,KOSDAQ,089980.KQ,상아프론테크
027360,KOSDAQ,027360.KQ,아주IB투자
265520,KOSDAQ,265520.KQ,AP시스템
067080,KOSDAQ,067080.KQ,대화제약
078020,KOSDAQ,078020.KQ,LS증권
049070,KOSDAQ,049070.KQ,인탑스
114840,KOSDAQ,114840.KQ,아이패밀리에스씨
476060,KOSDAQ,476060.KQ,온코닉테라퓨틱스
489460,KOSDAQ,489460.KQ,바이오비쥬
023410,KOSDAQ,023410.KQ,유진기업
237880,KOSDAQ,237880.KQ,클리오
461300,KOSDAQ,461300.KQ,아이스크림미디어
086390,KOSDAQ,086390.KQ,유니테스트
256940,KOSDAQ,256940.KQ,킵스파마
014940,KOSDAQ,014940.KQ,오리엔탈정공
036890,KOSDAQ,036890.KQ,진성티이씨
356860,KOSDAQ,356860.KQ,티엘비
270520,KOSDAQ,270520.KQ,앱트뉴로사이언스
199820,KOSDAQ,199820.KQ,제일일렉트릭
089970,KOSDAQ,089970.KQ,브이엠
036220,KOSDAQ,036220.KQ,오상헬스케어
298830,KOSDAQ,298830.KQ,슈어소프트테크
033640,KOSDAQ,033640.KQ,네패스
254490,KOSDAQ,254490.KQ,미래반도체
090360,KOSDAQ,090360.KQ,로보스타
290690,KOSDAQ,290690.KQ,소룩스
114810,KOSDAQ,114810.KQ,한솔아이원스
039840,KOSDAQ,039840.KQ,디오
348340,KOSDAQ,348340.KQ,뉴로메카
393890,KOSDAQ,393890.KQ,더블유씨피
372170,KOSDAQ,372170.KQ,윤성에프앤씨
310200,KOSDAQ,310200.KQ,애니플러스
101970,KOSDAQ,101970.KQ,우양에이치씨
108380,KOSDAQ,108380.KQ,대양전기공업
051360,KOSDAQ,051360.KQ,토비스
121800,KOSDAQ,121800.KQ,비덴트
048870,KOSDAQ,048870.KQ,시너지이노베이션
338220,KOSDAQ,338220.KQ,뷰노
099440,KOSDAQ,099440.KQ,스맥
389020,KOSDAQ,389020.KQ,자람테크놀로지
179290,KOSDAQ,179290.KQ,엠아이텍
475400,KOSDAQ,475400.KQ,씨메스
150840,KOSDAQ,150840.KQ,인트로메딕
067390,KOSDAQ,067390.KQ,아스트
119610,KOSDAQ,119610.KQ,인터로조
110990,KOSDAQ,110990.KQ,디아이티
034810,KOSDAQ,034810.KQ,해성산업
138610,KOSDAQ,138610.KQ,나이벡
024850,KOSDAQ,024850.KQ,HLB이노베이션
036800,KOSDAQ,036800.KQ,나이스정보통신
077360,KOSDAQ,077360.KQ,덕산하이메탈
457550,KOSDAQ,457550.KQ,우진엔텍
096040,KOSDAQ,096040.KQ,이트론
199800,KOSDAQ,199800.KQ,툴젠
148150,KOSDAQ,148150.KQ,세경하이테크
043370,KOSDAQ,043370.KQ,피에이치에이
234030,KOSDAQ,234030.KQ,싸이닉솔루션
144960,KOSDAQ,144960.KQ,뉴파워프라즈마
060150,KOSDAQ,060150.KQ,인선이엔티
236200,KOSDAQ,236200.KQ,슈프리마
182360,KOSDAQ,182360.KQ,큐브엔터
900290,KOSDAQ,900290.KQ,GRT
023760,KOSDAQ,023760.KQ,한국캐피탈
304360,KOSDAQ,304360.KQ,에스바이오메딕스
095700,KOSDAQ,095700.KQ,제넥신
047560,KOSDAQ,047560.KQ,이스트소프트
065660,KOSDAQ,065660.KQ,안트로젠
371950,KOSDAQ,371950.KQ,풍원정밀
035810,KOSDAQ,035810.KQ,이지홀딩스
168360,KOSDAQ,168360.KQ,펨트론
216080,KOSDAQ,216080.KQ,제테마
036030,KOSDAQ,036030.KQ,케이티알파
061970,KOSDAQ,061970.KQ,LB세미콘
121440,KOSDAQ,121440.KQ,골프존홀딩스
208340,KOSDAQ,208340.KQ,파멥신
376900,KOSDAQ,376900.KQ,로킷헬스케어
018000,KOSDAQ,018000.KQ,유니슨
240550,KOSDAQ,240550.KQ,동방메디컬
118990,KOSDAQ,118990.KQ,모트렉스
092040,KOSDAQ,092040.KQ,아미코젠
068930,KOSDAQ,068930.KQ,디지털대성
126700,KOSDAQ,126700.KQ,하이비젼시스템
288330,KOSDAQ,288330.KQ,브릿지바이오테라퓨틱스
005710,KOSDAQ,005710.KQ,대원산업
123860,KOSDAQ,123860.KQ,아나패스
293780,KOSDAQ,293780.KQ,압타바이오
458650,KOSDAQ,458650.KQ,성우
452430,KOSDAQ,452430.KQ,사피엔반도체
042370,KOSDAQ,042370.KQ,비츠로테크
064820,KOSDAQ,064820.KQ,케이프
459510,KOSDAQ,459510.KQ,나우로보틱스
036560,KOSDAQ,036560.KQ,KZ정밀
323990,KOSDAQ,323990.KQ,박셀바이오
036200,KOSDAQ,036200.KQ,유니셈
174900,KOSDAQ,174900.KQ,앱클론
057880,KOSDAQ,057880.KQ,푸른소나무
190510,KOSDAQ,190510.KQ,나무가
205500,KOSDAQ,205500.KQ,넥써쓰
230240,KOSDAQ,230240.KQ,에치에프알
051370,KOSDAQ,051370.KQ,인터플렉스
203400,KOSDAQ,203400.KQ,에이비온
005160,KOSDAQ,005160.KQ,동국산업
394800,KOSDAQ,394800.KQ,쓰리빌리언
080160,KOSDAQ,080160.KQ,모두투어
356680,KOSDAQ,356680.KQ,엑스게이트
432720,KOSDAQ,432720.KQ,퀄리타스반도체
042420,KOSDAQ,042420.KQ,네오위즈홀딩스
112290,KOSDAQ,112290.KQ,와이씨켐
017890,KOSDAQ,017890.KQ,한국알콜
360070,KOSDAQ,360070.KQ,탑머티리얼
104460,KOSDAQ,104460.KQ,디와이피엔에프
136150,KOSDAQ,136150.KQ,원일티엔아이
054450,KOSDAQ,054450.KQ,텔레칩스
117730,KOSDAQ,117730.KQ,티로보틱스
353810,KOSDAQ,353810.KQ,이지바이오
476040,KOSDAQ,476040.KQ,오가노이드사이언스
270660,KOSDAQ,270660.KQ,에브리봇
158430,KOSDAQ,158430.KQ,아톤
102120,KOSDAQ,102120.KQ,어보브반도체
307750,KOSDAQ,307750.KQ,국전약품
086890,KOSDAQ,086890.KQ,이수앱지스
263720,KOSDAQ,263720.KQ,디앤씨미디어
305090,KOSDAQ,305090.KQ,마이크로디지탈
484810,KOSDAQ,484810.KQ,티엑스알로보틱스
263860,KOSDAQ,263860.KQ,지니언스
255220,KOSDAQ,255220.KQ,SG
035080,KOSDAQ,035080.KQ,그래디언트
067280,KOSDAQ,067280.KQ,멀티캠퍼스
368770,KOSDAQ,368770.KQ,파이버프로
079960,KOSDAQ,079960.KQ,동양이엔피
105550,KOSDAQ,105550.KQ,엣지파운드리
100120,KOSDAQ,100120.KQ,뷰웍스
340450,KOSDAQ,340450.KQ,지씨지놈
046440,KOSDAQ,046440.KQ,KG모빌리언스
214180,KOSDAQ,214180.KQ,헥토이노베이션
285490,KOSDAQ,285490.KQ,노바텍
092130,KOSDAQ,092130.KQ,이크레더블
086820,KOSDAQ,086820.KQ,바이오솔루션
032620,KOSDAQ,032620.KQ,유비케어
054210,KOSDAQ,054210.KQ,이랜텍
950130,KOSDAQ,950130.KQ,엑세스바이오
036190,KOSDAQ,036190.KQ,금화피에스시
482630,KOSDAQ,482630.KQ,삼양엔씨켐
115310,KOSDAQ,115310.KQ,인포바인
053580,KOSDAQ,053580.KQ,웹케시
065710,KOSDAQ,065710.KQ,서호전기
024810,KOSDAQ,024810.KQ,이화전기
380550,KOSDAQ,380550.KQ,뉴로핏
071280,KOSDAQ,071280.KQ,로체시스템즈
267320,KOSDAQ,267320.KQ,나인테크
083930,KOSDAQ,083930.KQ,아바코
182400,KOSDAQ,182400.KQ,엔케이맥스
053350,KOSDAQ,053350.KQ,이니텍
037460,KOSDAQ,037460.KQ,삼지전자
126600,KOSDAQ,126600.KQ,BGF에코머티리얼즈
038390,KOSDAQ,038390.KQ,레드캡투어
464080,KOSDAQ,464080.KQ,에스오에스랩
023910,KOSDAQ,023910.KQ,대한약품
019210,KOSDAQ,019210.KQ,와이지-원
125020,KOSDAQ,125020.KQ,티씨머티리얼즈
091120,KOSDAQ,091120.KQ,이엠텍
122450,KOSDAQ,122450.KQ,KX
299030,KOSDAQ,299030.KQ,하나기술
083310,KOSDAQ,083310.KQ,엘오티베큠
297090,KOSDAQ,297090.KQ,씨에스베어링
024060,KOSDAQ,024060.KQ,흥구석유
071200,KOSDAQ,071200.KQ,인피니트헬스케어
011040,KOSDAQ,011040.KQ,경동제약
088800,KOSDAQ,088800.KQ,에이스테크
016790,KOSDAQ,016790.KQ,현대사료
330860,KOSDAQ,330860.KQ,네패스아크
108230,KOSDAQ,108230.KQ,톱텍
098120,KOSDAQ,098120.KQ,마이크로컨텍솔
211270,KOSDAQ,211270.KQ,AP위성
322310,KOSDAQ,322310.KQ,오로스테크놀로지
080420,KOSDAQ,080420.KQ,모다이노칩
069510,KOSDAQ,069510.KQ,에스텍
337930,KOSDAQ,337930.KQ,젝시믹스
122990,KOSDAQ,122990.KQ,와이솔
096250,KOSDAQ,096250.KQ,와이즈넛
092460,KOSDAQ,092460.KQ,한라IMS
126340,KOSDAQ,126340.KQ,비나텍
205470,KOSDAQ,205470.KQ,휴마시스
143160,KOSDAQ,143160.KQ,아이디스
033160,KOSDAQ,033160.KQ,엠케이전자
201490,KOSDAQ,201490.KQ,미투온
073010,KOSDAQ,073010.KQ,케이에스피
089600,KOSDAQ,089600.KQ,KT나스미디어
241520,KOSDAQ,241520.KQ,DSC인베스트먼트
109740,KOSDAQ,109740.KQ,디에스케이
123040,KOSDAQ,123040.KQ,엠에스오토텍
362320,KOSDAQ,362320.KQ,청담글로벌
039980,KOSDAQ,039980.KQ,폴라리스AI
013990,KOSDAQ,013990.KQ,아가방컴퍼니
300080,KOSDAQ,300080.KQ,플리토
331740,KOSDAQ,331740.KQ,아우토크립트
468530,KOSDAQ,468530.KQ,프로티나
078070,KOSDAQ,078070.KQ,유비쿼스홀딩스
203650,KOSDAQ,203650.KQ,드림시큐리티
388050,KOSDAQ,388050.KQ,지투파워
039830,KOSDAQ,039830.KQ,오로라
234340,KOSDAQ,234340.KQ,헥토파이낸셜
089890,KOSDAQ,089890.KQ,코세스
084650,KOSDAQ,084650.KQ,랩지노믹스
389140,KOSDAQ,389140.KQ,포바이포
192440,KOSDAQ,192440.KQ,슈피겐코리아
297890,KOSDAQ,297890.KQ,HB솔루션
298540,KOSDAQ,298540.KQ,더네이쳐홀딩스
418420,KOSDAQ,418420.KQ,라온텍
047310,KOSDAQ,047310.KQ,파워로직스
143240,KOSDAQ,143240.KQ,사람인
078150,KOSDAQ,078150.KQ,HB테크놀러지
086980,KOSDAQ,086980.KQ,쇼박스
234690,KOSDAQ,234690.KQ,녹십자웰빙
109610,KOSDAQ,109610.KQ,에스와이
038290,KOSDAQ,038290.KQ,마크로젠
079810,KOSDAQ,079810.KQ,디이엔티
025950,KOSDAQ,025950.KQ,동신건설
405100,KOSDAQ,405100.KQ,큐알티
456010,KOSDAQ,456010.KQ,아이씨티케이
217820,KOSDAQ,217820.KQ,원익피앤이
303810,KOSDAQ,303810.KQ,동국생명과학
066620,KOSDAQ,066620.KQ,국보디자인
243840,KOSDAQ,243840.KQ,신흥에스이씨
059210,KOSDAQ,059210.KQ,메타바이오메드
251120,KOSDAQ,251120.KQ,바이오에프디엔씨
052330,KOSDAQ,052330.KQ,코텍
453450,KOSDAQ,453450.KQ,그리드위즈
338840,KOSDAQ,338840.KQ,와이바이오로직스
439580,KOSDAQ,439580.KQ,블루엠텍
475230,KOSDAQ,475230.KQ,엔알비
131370,KOSDAQ,131370.KQ,알서포트
032300,KOSDAQ,032300.KQ,한국파마
023600,KOSDAQ,023600.KQ,삼보판지
104480,KOSDAQ,104480.KQ,티케이케미칼
092070,KOSDAQ,092070.KQ,디엔에프
053080,KOSDAQ,053080.KQ,케이엔솔
046070,KOSDAQ,046070.KQ,코다코
060570,KOSDAQ,060570.KQ,드림어스컴퍼니
090850,KOSDAQ,090850.KQ,현대이지웰
336680,KOSDAQ,336680.KQ,탑런토탈솔루션
443670,KOSDAQ,443670.KQ,에스피소프트
063570,KOSDAQ,063570.KQ,NICE인프라
274090,KOSDAQ,274090.KQ,켄코아에어로스페이스
354320,KOSDAQ,354320.KQ,알멕
100130,KOSDAQ,100130.KQ,동국S&C
205100,KOSDAQ,205100.KQ,엑셈
051160,KOSDAQ,051160.KQ,지어소프트
251370,KOSDAQ,251370.KQ,와이엠티
462350,KOSDAQ,462350.KQ,이노스페이스
006910,KOSDAQ,006910.KQ,보성파워텍
382900,KOSDAQ,382900.KQ,범한퓨얼셀
052710,KOSDAQ,052710.KQ,아모텍
136540,KOSDAQ,136540.KQ,윈스테크넷
063080,KOSDAQ,063080.KQ,컴투스홀딩스
008830,KOSDAQ,008830.KQ,대동기어
096240,KOSDAQ,096240.KQ,크레버스
425040,KOSDAQ,425040.KQ,티이엠씨
060590,KOSDAQ,060590.KQ,씨티씨바이오
377030,KOSDAQ,377030.KQ,비트맥스
005860,KOSDAQ,005860.KQ,한일사료
475580,KOSDAQ,475580.KQ,에이럭스
078140,KOSDAQ,078140.KQ,대봉엘에스
361390,KOSDAQ,361390.KQ,제노코
038110,KOSDAQ,038110.KQ,에코플라스틱
382840,KOSDAQ,382840.KQ,원준
073490,KOSDAQ,073490.KQ,이노와이어리스
063170,KOSDAQ,063170.KQ,서울옥션
377480,KOSDAQ,377480.KQ,마음AI
156100,KOSDAQ,156100.KQ,엘앤케이바이오
299900,KOSDAQ,299900.KQ,위지윅스튜디오
094820,KOSDAQ,094820.KQ,일진파워
068790,KOSDAQ,068790.KQ,DMS
322510,KOSDAQ,322510.KQ,제이엘케이
093640,KOSDAQ,093640.KQ,케이알엠
049720,KOSDAQ,049720.KQ,고려신용정보
206560,KOSDAQ,206560.KQ,덱스터
052260,KOSDAQ,052260.KQ,현대바이오랜드
460870,KOSDAQ,460870.KQ,에스엠씨지
005990,KOSDAQ,005990.KQ,매일홀딩스
175140,KOSDAQ,175140.KQ,휴먼테크놀로지
123410,KOSDAQ,123410.KQ,코리아에프티
007330,KOSDAQ,007330.KQ,푸른저축은행
272110,KOSDAQ,272110.KQ,케이엔제이
078350,KOSDAQ,078350.KQ,한양디지텍
084990,KOSDAQ,084990.KQ,헬릭스미스
006620,KOSDAQ,006620.KQ,동구바이오제약
463480,KOSDAQ,463480.KQ,모티브링크
086710,KOSDAQ,086710.KQ,선진뷰티사이언스
163280,KOSDAQ,163280.KQ,에어레인
393970,KOSDAQ,393970.KQ,대진첨단소재
041440,KOSDAQ,041440.KQ,현대에버다임
289220,KOSDAQ,289220.KQ,자이언트스텝
282880,KOSDAQ,282880.KQ,코윈테크
235980,KOSDAQ,235980.KQ,메드팩토
066410,KOSDAQ,066410.KQ,버킷스튜디오
191420,KOSDAQ,191420.KQ,테고사이언스
067990,KOSDAQ,067990.KQ,도이치모터스
092190,KOSDAQ,092190.KQ,서울바이오시스
396470,KOSDAQ,396470.KQ,워트
040300,KOSDAQ,040300.KQ,YTN
033340,KOSDAQ,033340.KQ,좋은사람들
054920,KOSDAQ,054920.KQ,한컴위드
290670,KOSDAQ,290670.KQ,대보마그네틱
049470,KOSDAQ,049470.KQ,SGA
290550,KOSDAQ,290550.KQ,디케이티
048530,KOSDAQ,048530.KQ,인트론바이오
226400,KOSDAQ,226400.KQ,오스테오닉
049950,KOSDAQ,049950.KQ,미래컴퍼니
419120,KOSDAQ,419120.KQ,산돌
009780,KOSDAQ,009780.KQ,엠에스씨
264850,KOSDAQ,264850.KQ,이랜시스
443250,KOSDAQ,443250.KQ,레뷰코퍼레이션
140670,KOSDAQ,140670.KQ,알에스오토메이션
023440,KOSDAQ,023440.KQ,제이스코홀딩스
037070,KOSDAQ,037070.KQ,파세코
054050,KOSDAQ,054050.KQ,농우바이오
064800,KOSDAQ,064800.KQ,포니링크
027710,KOSDAQ,027710.KQ,팜스토리
418470,KOSDAQ,418470.KQ,KT밀리의서재
095190,KOSDAQ,095190.KQ,이엠코리아
119830,KOSDAQ,119830.KQ,아이텍
411080,KOSDAQ,411080.KQ,샌즈랩
408900,KOSDAQ,408900.KQ,스튜디오미르
067000,KOSDAQ,067000.KQ,조이시티
092870,KOSDAQ,092870.KQ,엑시콘
389500,KOSDAQ,389500.KQ,에스비비테크
039340,KOSDAQ,039340.KQ,한국경제TV
332570,KOSDAQ,332570.KQ,PS일렉트로닉스
029480,KOSDAQ,029480.KQ,광무
376270,KOSDAQ,376270.KQ,에이치이엠파마
311690,KOSDAQ,311690.KQ,CJ 바이오사이언스
160980,KOSDAQ,160980.KQ,싸이맥스
950190,KOSDAQ,950190.KQ,고스트스튜디오
072870,KOSDAQ,072870.KQ,메가스터디
106190,KOSDAQ,106190.KQ,하이텍팜
451760,KOSDAQ,451760.KQ,컨텍
419050,KOSDAQ,419050.KQ,삼기에너지솔루션즈
083790,KOSDAQ,083790.KQ,CG인바이츠
045970,KOSDAQ,045970.KQ,코아시아
030960,KOSDAQ,030960.KQ,양지사
180400,KOSDAQ,180400.KQ,DXVX
333430,KOSDAQ,333430.KQ,일승
269620,KOSDAQ,269620.KQ,시스웍
149950,KOSDAQ,149950.KQ,아바텍
214260,KOSDAQ,214260.KQ,라파스
052420,KOSDAQ,052420.KQ,오성첨단소재
058630,KOSDAQ,058630.KQ,엠게임
225530,KOSDAQ,225530.KQ,HC보광산업
011560,KOSDAQ,011560.KQ,세보엠이씨
207760,KOSDAQ,207760.KQ,미스터블루
018120,KOSDAQ,018120.KQ,진로발효
365330,KOSDAQ,365330.KQ,에스와이스틸텍
204610,KOSDAQ,204610.KQ,티쓰리
048550,KOSDAQ,048550.KQ,SM C&C
146320,KOSDAQ,146320.KQ,비씨엔씨
264450,KOSDAQ,264450.KQ,유비쿼스
142210,KOSDAQ,142210.KQ,유니트론텍
131400,KOSDAQ,131400.KQ,이브이첨단소재
101670,KOSDAQ,101670.KQ,하이드로리튬
014970,KOSDAQ,014970.KQ,삼륭물산
019550,KOSDAQ,019550.KQ,SBI인베스트먼트
448710,KOSDAQ,448710.KQ,코츠테크놀로지
474170,KOSDAQ,474170.KQ,루미르
452280,KOSDAQ,452280.KQ,한선엔지니어링
003100,KOSDAQ,003100.KQ,선광
456070,KOSDAQ,456070.KQ,이엔셀
321550,KOSDAQ,321550.KQ,티움바이오
086960,KOSDAQ,086960.KQ,MDS테크
317770,KOSDAQ,317770.KQ,엑스페릭스
370090,KOSDAQ,370090.KQ,퓨런티어
293580,KOSDAQ,293580.KQ,나우IB
067900,KOSDAQ,067900.KQ,와이엔텍
049960,KOSDAQ,049960.KQ,쎌바이오텍
241770,KOSDAQ,241770.KQ,메카로
026150,KOSDAQ,026150.KQ,특수건설
435570,KOSDAQ,435570.KQ,에르코스
048910,KOSDAQ,048910.KQ,대원미디어
047820,KOSDAQ,047820.KQ,초록뱀미디어
107600,KOSDAQ,107600.KQ,새빗켐
424960,KOSDAQ,424960.KQ,스마트레이더시스템
083660,KOSDAQ,083660.KQ,CSA 코스믹
950220,KOSDAQ,950220.KQ,네오이뮨텍
124560,KOSDAQ,124560.KQ,태웅로직스
474650,KOSDAQ,474650.KQ,링크솔루션
033290,KOSDAQ,033290.KQ,코웰패션
315640,KOSDAQ,315640.KQ,딥노이드
054800,KOSDAQ,054800.KQ,아이디스홀딩스
043610,KOSDAQ,043610.KQ,KT지니뮤직
080580,KOSDAQ,080580.KQ,오킨스전자
214680,KOSDAQ,214680.KQ,디알텍
099750,KOSDAQ,099750.KQ,이지케어텍
151910,KOSDAQ,151910.KQ,퓨처코어
042510,KOSDAQ,042510.KQ,라온시큐어
102370,KOSDAQ,102370.KQ,케이옥션
264660,KOSDAQ,264660.KQ,씨앤지하이테크
278650,KOSDAQ,278650.KQ,HLB바이오스텝
147830,KOSDAQ,147830.KQ,제룡산업
012700,KOSDAQ,012700.KQ,리드코프
282720,KOSDAQ,282720.KQ,금양그린파워
066590,KOSDAQ,066590.KQ,우수AMS
299660,KOSDAQ,299660.KQ,셀리드
044990,KOSDAQ,044990.KQ,에이치엔에스하이텍
064290,KOSDAQ,064290.KQ,인텍플러스
170920,KOSDAQ,170920.KQ,엘티씨
100700,KOSDAQ,100700.KQ,세운메디칼
489500,KOSDAQ,489500.KQ,엘케이켐
023900,KOSDAQ,023900.KQ,풍국주정
035610,KOSDAQ,035610.KQ,솔본
032940,KOSDAQ,032940.KQ,원익
136410,KOSDAQ,136410.KQ,아셈스
093190,KOSDAQ,093190.KQ,빅솔론
021080,KOSDAQ,021080.KQ,에이티넘인베스트
123420,KOSDAQ,123420.KQ,위메이드플레이
163730,KOSDAQ,163730.KQ,핑거
065450,KOSDAQ,065450.KQ,빅텍
219130,KOSDAQ,219130.KQ,타이거일렉
049520,KOSDAQ,049520.KQ,유아이엘
009300,KOSDAQ,009300.KQ,삼아제약
289930,KOSDAQ,289930.KQ,웨이비스
041590,KOSDAQ,041590.KQ,플래스크
199430,KOSDAQ,199430.KQ,케이엔알시스템
091580,KOSDAQ,091580.KQ,상신이디피
220260,KOSDAQ,220260.KQ,켐트로스
039610,KOSDAQ,039610.KQ,화성밸브
131030,KOSDAQ,131030.KQ,옵투스제약
382150,KOSDAQ,382150.KQ,온코크로스
900250,KOSDAQ,900250.KQ,크리스탈신소재
125210,KOSDAQ,125210.KQ,아모그린텍
228670,KOSDAQ,228670.KQ,레이
045660,KOSDAQ,045660.KQ,에이텍
408920,KOSDAQ,408920.KQ,메쎄이상
402490,KOSDAQ,402490.KQ,그린리소스
044340,KOSDAQ,044340.KQ,위닉스
013310,KOSDAQ,013310.KQ,아진산업
110790,KOSDAQ,110790.KQ,크리스에프앤씨
253840,KOSDAQ,253840.KQ,수젠텍
042600,KOSDAQ,042600.KQ,새로닉스
039560,KOSDAQ,039560.KQ,다산네트웍스
347860,KOSDAQ,347860.KQ,알체라
039860,KOSDAQ,039860.KQ,나노엔텍
083500,KOSDAQ,083500.KQ,에프엔에스테크
019010,KOSDAQ,019010.KQ,베뉴지
260930,KOSDAQ,260930.KQ,씨티케이
382800,KOSDAQ,382800.KQ,지앤비에스 에코
021320,KOSDAQ,021320.KQ,KCC건설
461030,KOSDAQ,461030.KQ,아이엠비디엑스
452400,KOSDAQ,452400.KQ,이닉스
451250,KOSDAQ,451250.KQ,삐아
417500,KOSDAQ,417500.KQ,제이아이테크
027050,KOSDAQ,027050.KQ,코리아나
317870,KOSDAQ,317870.KQ,엔바이오니아
066700,KOSDAQ,066700.KQ,테라젠이텍스
309960,KOSDAQ,309960.KQ,LB인베스트먼트
042520,KOSDAQ,042520.KQ,한스바이오메드
017510,KOSDAQ,017510.KQ,세명전기
445180,KOSDAQ,445180.KQ,퓨릿
082850,KOSDAQ,082850.KQ,우리바이오
214270,KOSDAQ,214270.KQ,FSN
452190,KOSDAQ,452190.KQ,한빛레이저
277880,KOSDAQ,277880.KQ,티에스아이
208370,KOSDAQ,208370.KQ,셀바스헬스케어
228850,KOSDAQ,228850.KQ,레이언스
046120,KOSDAQ,046120.KQ,오르비텍
085670,KOSDAQ,085670.KQ,뉴프렉스
226590,KOSDAQ,226590.KQ,엠디바이스
065510,KOSDAQ,065510.KQ,휴비츠
417010,KOSDAQ,417010.KQ,나노팀
041920,KOSDAQ,041920.KQ,메디아나
413640,KOSDAQ,413640.KQ,비아이매트릭스
302550,KOSDAQ,302550.KQ,리메드
024800,KOSDAQ,024800.KQ,유성티엔에스
168330,KOSDAQ,168330.KQ,내츄럴엔도텍
039020,KOSDAQ,039020.KQ,이건홀딩스
115500,KOSDAQ,115500.KQ,케이씨에스
141000,KOSDAQ,141000.KQ,비아트론
259630,KOSDAQ,259630.KQ,엠플러스
396300,KOSDAQ,396300.KQ,세아메카닉스
322180,KOSDAQ,322180.KQ,LS티라유텍
012860,KOSDAQ,012860.KQ,모베이스전자
038540,KOSDAQ,038540.KQ,상상인
200470,KOSDAQ,200470.KQ,에이팩트
255440,KOSDAQ,255440.KQ,야스
056090,KOSDAQ,056090.KQ,시지메드텍
093920,KOSDAQ,093920.KQ,서원인텍
234300,KOSDAQ,234300.KQ,에스트래픽
053280,KOSDAQ,053280.KQ,예스24
352090,KOSDAQ,352090.KQ,스톰테크
019590,KOSDAQ,019590.KQ,에스유앤피
138080,KOSDAQ,138080.KQ,오이솔루션
357230,KOSDAQ,357230.KQ,에이치피오
170030,KOSDAQ,170030.KQ,현대공업
407400,KOSDAQ,407400.KQ,꿈비
073560,KOSDAQ,073560.KQ,우리손에프앤지
054670,KOSDAQ,054670.KQ,대한뉴팜
033320,KOSDAQ,033320.KQ,제이씨현시스템
010170,KOSDAQ,010170.KQ,대한광통신
216050,KOSDAQ,216050.KQ,인크로스
061250,KOSDAQ,061250.KQ,화일약품
273640,KOSDAQ,273640.KQ,와이엠텍
001540,KOSDAQ,001540.KQ,안국약품
088390,KOSDAQ,088390.KQ,이녹스
126730,KOSDAQ,126730.KQ,코칩
126880,KOSDAQ,126880.KQ,제이엔케이글로벌
049430,KOSDAQ,049430.KQ,코메론
393210,KOSDAQ,393210.KQ,토마토시스템
053700,KOSDAQ,053700.KQ,삼보모터스
307930,KOSDAQ,307930.KQ,컴퍼니케이
064090,KOSDAQ,064090.KQ,인크레더블버즈
417790,KOSDAQ,417790.KQ,트루엔
067570,KOSDAQ,067570.KQ,엔브이에이치코리아
475430,KOSDAQ,475430.KQ,키스트론
033230,KOSDAQ,033230.KQ,인성정보
060310,KOSDAQ,060310.KQ,3S
065500,KOSDAQ,065500.KQ,오리엔트정공
261200,KOSDAQ,261200.KQ,덴티스
120240,KOSDAQ,120240.KQ,대정화금
060560,KOSDAQ,060560.KQ,HC홈센타
348150,KOSDAQ,348150.KQ,고바이오랩
040420,KOSDAQ,040420.KQ,정상제이엘에스
262260,KOSDAQ,262260.KQ,에이프로
024880,KOSDAQ,024880.KQ,케이피에프
225190,KOSDAQ,225190.KQ,LK삼양
058400,KOSDAQ,058400.KQ,KNN
348350,KOSDAQ,348350.KQ,위드텍
475460,KOSDAQ,475460.KQ,미트박스
111710,KOSDAQ,111710.KQ,남화산업
036630,KOSDAQ,036630.KQ,세종텔레콤
166480,KOSDAQ,166480.KQ,코아스템켐온
041520,KOSDAQ,041520.KQ,이엘씨
209640,KOSDAQ,209640.KQ,와이제이링크
038880,KOSDAQ,038880.KQ,아이에이
396270,KOSDAQ,396270.KQ,넥스트칩
321820,KOSDAQ,321820.KQ,아티스트컴퍼니
476080,KOSDAQ,476080.KQ,M83
041930,KOSDAQ,041930.KQ,동아화성
223310,KOSDAQ,223310.KQ,딥마인드
084730,KOSDAQ,084730.KQ,팅크웨어
330350,KOSDAQ,330350.KQ,위더스제약
478560,KOSDAQ,478560.KQ,블랙야크아이앤씨
027830,KOSDAQ,027830.KQ,대성창투
086670,KOSDAQ,086670.KQ,비엠티
066790,KOSDAQ,066790.KQ,씨씨에스
000440,KOSDAQ,000440.KQ,중앙에너비스
041910,KOSDAQ,041910.KQ,폴라리스AI파마
004650,KOSDAQ,004650.KQ,창해에탄올
215100,KOSDAQ,215100.KQ,로보로보
263700,KOSDAQ,263700.KQ,케어랩스
212710,KOSDAQ,212710.KQ,아이에스티이
072020,KOSDAQ,072020.KQ,중앙백신
226330,KOSDAQ,226330.KQ,신테카바이오
347890,KOSDAQ,347890.KQ,엠투아이
232680,KOSDAQ,232680.KQ,라온테크
215090,KOSDAQ,215090.KQ,솔디펜스
078860,KOSDAQ,078860.KQ,엔에스이엔엠
048430,KOSDAQ,048430.KQ,유라테크
432470,KOSDAQ,432470.KQ,케이엔에스
159580,KOSDAQ,159580.KQ,제로투세븐
054620,KOSDAQ,054620.KQ,APS
074430,KOSDAQ,074430.KQ,아미노로직스
149980,KOSDAQ,149980.KQ,하이로닉
366030,KOSDAQ,366030.KQ,공구우먼
014470,KOSDAQ,014470.KQ,부방
381620,KOSDAQ,381620.KQ,제닉스
453860,KOSDAQ,453860.KQ,에이에스텍
033790,KOSDAQ,033790.KQ,피노
289080,KOSDAQ,289080.KQ,SV인베스트먼트
479960,KOSDAQ,479960.KQ,위너스
200350,KOSDAQ,200350.KQ,아티스트스튜디오
241840,KOSDAQ,241840.KQ,에이스토리
094850,KOSDAQ,094850.KQ,참좋은여행
006140,KOSDAQ,006140.KQ,피제이전자
234100,KOSDAQ,234100.KQ,폴라리스세원
162300,KOSDAQ,162300.KQ,신스틸
054300,KOSDAQ,054300.KQ,팬스타엔터프라이즈
246960,KOSDAQ,246960.KQ,SCL사이언스
204840,KOSDAQ,204840.KQ,지엘팜텍
140070,KOSDAQ,140070.KQ,서플러스글로벌
384470,KOSDAQ,384470.KQ,코어라인소프트
064850,KOSDAQ,064850.KQ,에프앤가이드
014200,KOSDAQ,014200.KQ,광림
043710,KOSDAQ,043710.KQ,서울리거
187420,KOSDAQ,187420.KQ,HLB제넥스
046210,KOSDAQ,046210.KQ,HLB파나진
134580,KOSDAQ,134580.KQ,탑코미디어
011370,KOSDAQ,011370.KQ,서한
306620,KOSDAQ,306620.KQ,네온테크
053450,KOSDAQ,053450.KQ,세코닉스
459100,KOSDAQ,459100.KQ,위츠
339950,KOSDAQ,339950.KQ,아이비김영
183490,KOSDAQ,183490.KQ,엔지켐생명과학
265740,KOSDAQ,265740.KQ,엔에프씨
084180,KOSDAQ,084180.KQ,수성웹툰
057680,KOSDAQ,057680.KQ,티사이언티픽
185490,KOSDAQ,185490.KQ,아이진
040350,KOSDAQ,040350.KQ,크레오에스지
137950,KOSDAQ,137950.KQ,제이씨케미칼
446540,KOSDAQ,446540.KQ,메가터치
002230,KOSDAQ,002230.KQ,피에스텍
145170,KOSDAQ,145170.KQ,노브랜드
294140,KOSDAQ,294140.KQ,레몬
208140,KOSDAQ,208140.KQ,정다운
355150,KOSDAQ,355150.KQ,코스텍시스
347740,KOSDAQ,347740.KQ,피엔케이피부임상연구센타
036000,KOSDAQ,036000.KQ,예림당
246720,KOSDAQ,246720.KQ,아스타
036640,KOSDAQ,036640.KQ,HRS
206400,KOSDAQ,206400.KQ,베노티앤알
307870,KOSDAQ,307870.KQ,비투엔
142280,KOSDAQ,142280.KQ,녹십자엠에스
089850,KOSDAQ,089850.KQ,유비벨록스
314130,KOSDAQ,314130.KQ,지놈앤컴퍼니
380540,KOSDAQ,380540.KQ,옵티코어
265560,KOSDAQ,265560.KQ,영화테크
222110,KOSDAQ,222110.KQ,팬젠
130580,KOSDAQ,130580.KQ,나이스디앤비
067290,KOSDAQ,067290.KQ,JW신약
032850,KOSDAQ,032850.KQ,비트컴퓨터
002800,KOSDAQ,002800.KQ,신신제약
263800,KOSDAQ,263800.KQ,데이타솔루션
199550,KOSDAQ,199550.KQ,레이저옵텍
104620,KOSDAQ,104620.KQ,노랑풍선
053050,KOSDAQ,053050.KQ,지에스이
192250,KOSDAQ,192250.KQ,케이사인
413390,KOSDAQ,413390.KQ,엠오티
452160,KOSDAQ,452160.KQ,제이엔비
007720,KOSDAQ,007720.KQ,소노스퀘어
432430,KOSDAQ,432430.KQ,와이랩
043650,KOSDAQ,043650.KQ,국순당
004590,KOSDAQ,004590.KQ,한국가구
099220,KOSDAQ,099220.KQ,SDN
246710,KOSDAQ,246710.KQ,티앤알바이오팹
053260,KOSDAQ,053260.KQ,금강철강
105740,KOSDAQ,105740.KQ,디케이락
067370,KOSDAQ,067370.KQ,선바이오
382480,KOSDAQ,382480.KQ,지아이텍
460940,KOSDAQ,460940.KQ,피앤에스로보틱스
036090,KOSDAQ,036090.KQ,위지트
024830,KOSDAQ,024830.KQ,세원물산
032540,KOSDAQ,032540.KQ,TJ미디어
333620,KOSDAQ,333620.KQ,엔시스
072990,KOSDAQ,072990.KQ,에이치시티
222040,KOSDAQ,222040.KQ,코스맥스엔비티
311320,KOSDAQ,311320.KQ,지오엘리먼트
096350,KOSDAQ,096350.KQ,대창솔루션
198440,KOSDAQ,198440.KQ,강동씨앤엘
068330,KOSDAQ,068330.KQ,일신바이오
042500,KOSDAQ,042500.KQ,링네트
007370,KOSDAQ,007370.KQ,진양제약
038460,KOSDAQ,038460.KQ,바이오스마트
036120,KOSDAQ,036120.KQ,서울평가정보
373160,KOSDAQ,373160.KQ,데이원컴퍼니
452200,KOSDAQ,452200.KQ,민테크
061040,KOSDAQ,061040.KQ,알에프텍
042940,KOSDAQ,042940.KQ,상지건설
317690,KOSDAQ,317690.KQ,퀀타매트릭스
025550,KOSDAQ,025550.KQ,한국선재
355390,KOSDAQ,355390.KQ,크라우드웍스
122310,KOSDAQ,122310.KQ,제노레이
215360,KOSDAQ,215360.KQ,우리산업
038680,KOSDAQ,038680.KQ,에스넷
088340,KOSDAQ,088340.KQ,유라클
330730,KOSDAQ,330730.KQ,스톤브릿지벤처스
222810,KOSDAQ,222810.KQ,세토피아
300120,KOSDAQ,300120.KQ,라온피플
250060,KOSDAQ,250060.KQ,모비스
054040,KOSDAQ,054040.KQ,한국컴퓨터
173130,KOSDAQ,173130.KQ,오파스넷
171120,KOSDAQ,171120.KQ,라이온켐텍
412540,KOSDAQ,412540.KQ,제일엠앤에스
036710,KOSDAQ,036710.KQ,심텍홀딩스
033310,KOSDAQ,033310.KQ,엠투엔
081180,KOSDAQ,081180.KQ,쎄크
039240,KOSDAQ,039240.KQ,경남스틸
043100,KOSDAQ,043100.KQ,알파녹스
378800,KOSDAQ,378800.KQ,샤페론
357880,KOSDAQ,357880.KQ,SKAI
054780,KOSDAQ,054780.KQ,키이스트
365590,KOSDAQ,365590.KQ,하이딥
081150,KOSDAQ,081150.KQ,티플랙스
043910,KOSDAQ,043910.KQ,자연과환경
012790,KOSDAQ,012790.KQ,신일제약
101330,KOSDAQ,101330.KQ,모베이스
251630,KOSDAQ,251630.KQ,브이원텍
222160,KOSDAQ,222160.KQ,NPX
442900,KOSDAQ,442900.KQ,미래에셋드림스팩1호
451220,KOSDAQ,451220.KQ,아이엠티
036670,KOSDAQ,036670.KQ,삼양케이씨아이
041460,KOSDAQ,041460.KQ,한국전자인증
417840,KOSDAQ,417840.KQ,저스템
403490,KOSDAQ,403490.KQ,우듬지팜
187870,KOSDAQ,187870.KQ,디바이스
347000,KOSDAQ,347000.KQ,센코
223250,KOSDAQ,223250.KQ,드림씨아이에스
020710,KOSDAQ,020710.KQ,시공테크
049480,KOSDAQ,049480.KQ,오픈베이스
043260,KOSDAQ,043260.KQ,성호전자
388610,KOSDAQ,388610.KQ,지에프씨생명과학
351870,KOSDAQ,351870.KQ,차이커뮤니케이션
219750,KOSDAQ,219750.KQ,한국비티비
261780,KOSDAQ,261780.KQ,차백신연구소
016250,KOSDAQ,016250.KQ,SGC E&C
302430,KOSDAQ,302430.KQ,이노메트리
128660,KOSDAQ,128660.KQ,피제이메탈
288620,KOSDAQ,288620.KQ,에스퓨얼셀
007820,KOSDAQ,007820.KQ,에스엠코어
080530,KOSDAQ,080530.KQ,코디
104540,KOSDAQ,104540.KQ,코렌텍
203690,KOSDAQ,203690.KQ,아크솔루션스
357580,KOSDAQ,357580.KQ,아모센스
308080,KOSDAQ,308080.KQ,바이젠셀
417860,KOSDAQ,417860.KQ,오브젠
052220,KOSDAQ,052220.KQ,iMBC
388870,KOSDAQ,388870.KQ,파로스아이바이오
036010,KOSDAQ,036010.KQ,아비코전자
069920,KOSDAQ,069920.KQ,엑시온그룹
218150,KOSDAQ,218150.KQ,미래생명자원
094840,KOSDAQ,094840.KQ,슈프리마에이치큐
320000,KOSDAQ,320000.KQ,한울반도체
011320,KOSDAQ,011320.KQ,유니크
263600,KOSDAQ,263600.KQ,덕우전자
019990,KOSDAQ,019990.KQ,에너토크
175250,KOSDAQ,175250.KQ,아이큐어
217730,KOSDAQ,217730.KQ,강스템바이오텍
462310,KOSDAQ,462310.KQ,뉴키즈온
199480,KOSDAQ,199480.KQ,뱅크웨어글로벌
444530,KOSDAQ,444530.KQ,심플랫폼
066310,KOSDAQ,066310.KQ,큐에스아이
109860,KOSDAQ,109860.KQ,동일금속
307180,KOSDAQ,307180.KQ,아이엘
448900,KOSDAQ,448900.KQ,한국피아이엠
241790,KOSDAQ,241790.KQ,티이엠씨씨엔에스
052790,KOSDAQ,052790.KQ,액토즈소프트
050960,KOSDAQ,050960.KQ,수산아이앤티
054540,KOSDAQ,054540.KQ,삼영엠텍
241690,KOSDAQ,241690.KQ,유니테크노
950200,KOSDAQ,950200.KQ,소마젠
187660,KOSDAQ,187660.KQ,현대ADM
189980,KOSDAQ,189980.KQ,흥국에프엔비
050110,KOSDAQ,050110.KQ,캠시스
037950,KOSDAQ,037950.KQ,엘컴텍
153710,KOSDAQ,153710.KQ,옵티팜
186230,KOSDAQ,186230.KQ,그린플러스
155650,KOSDAQ,155650.KQ,와이엠씨
037350,KOSDAQ,037350.KQ,성도이엔지
017480,KOSDAQ,017480.KQ,삼현철강
466410,KOSDAQ,466410.KQ,사이냅소프트
352700,KOSDAQ,352700.KQ,씨앤투스
317830,KOSDAQ,317830.KQ,에스피시스템스
388790,KOSDAQ,388790.KQ,라이콤
010470,KOSDAQ,010470.KQ,오리콤
015710,KOSDAQ,015710.KQ,코콤
148780,KOSDAQ,148780.KQ,비큐AI
340360,KOSDAQ,340360.KQ,다보링크
105330,KOSDAQ,105330.KQ,케이엔더블유
195990,KOSDAQ,195990.KQ,에이비프로바이오
064240,KOSDAQ,064240.KQ,홈캐스트
234920,KOSDAQ,234920.KQ,자이글
196300,KOSDAQ,196300.KQ,HLB펩
109960,KOSDAQ,109960.KQ,AP헬스케어
177900,KOSDAQ,177900.KQ,쓰리에이로직스
039420,KOSDAQ,039420.KQ,케이엘넷
348080,KOSDAQ,348080.KQ,큐라티스
417970,KOSDAQ,417970.KQ,모델솔루션
049630,KOSDAQ,049630.KQ,재영솔루텍
024740,KOSDAQ,024740.KQ,한일단조
311390,KOSDAQ,311390.KQ,네오크레마
040910,KOSDAQ,040910.KQ,아이씨디
127980,KOSDAQ,127980.KQ,화인써키트
033830,KOSDAQ,033830.KQ,티비씨
101170,KOSDAQ,101170.KQ,우림피티에스
376930,KOSDAQ,376930.KQ,노을
073570,KOSDAQ,073570.KQ,리튬포어스
369370,KOSDAQ,369370.KQ,블리츠웨이엔터테인먼트
290660,KOSDAQ,290660.KQ,네오펙트
044060,KOSDAQ,044060.KQ,조광ILI
277070,KOSDAQ,277070.KQ,린드먼아시아
294630,KOSDAQ,294630.KQ,서남
009730,KOSDAQ,009730.KQ,이렘
073640,KOSDAQ,073640.KQ,테라사이언스
065530,KOSDAQ,065530.KQ,와이어블
053980,KOSDAQ,053980.KQ,오상자이엘
013720,KOSDAQ,013720.KQ,THE CUBE&
063440,KOSDAQ,063440.KQ,SM Life Design
038070,KOSDAQ,038070.KQ,서린바이오
095270,KOSDAQ,095270.KQ,웨이브일렉트로
260660,KOSDAQ,260660.KQ,알리코제약
054930,KOSDAQ,054930.KQ,유신
160550,KOSDAQ,160550.KQ,NEW
042110,KOSDAQ,042110.KQ,에스씨디
090410,KOSDAQ,090410.KQ,덕신이피씨
062970,KOSDAQ,062970.KQ,한국첨단소재
066980,KOSDAQ,066980.KQ,한성크린텍
200230,KOSDAQ,200230.KQ,텔콘RF제약
291230,KOSDAQ,291230.KQ,엔피
457370,KOSDAQ,457370.KQ,한켐
256630,KOSDAQ,256630.KQ,포인트엔지니어링
226360,KOSDAQ,226360.KQ,KH 건설
097780,KOSDAQ,097780.KQ,에코볼트
053270,KOSDAQ,053270.KQ,구영테크
142760,KOSDAQ,142760.KQ,모아라이프플러스
115440,KOSDAQ,115440.KQ,우리넷
024840,KOSDAQ,024840.KQ,KBI메탈
301300,KOSDAQ,301300.KQ,바이브컴퍼니
419080,KOSDAQ,419080.KQ,엔젯
237820,KOSDAQ,237820.KQ,플레이디
364950,KOSDAQ,364950.KQ,에이아이코리아
204020,KOSDAQ,204020.KQ,그리티
090470,KOSDAQ,090470.KQ,제이스텍
188040,KOSDAQ,188040.KQ,바이오포트
071670,KOSDAQ,071670.KQ,에이테크솔루션
455180,KOSDAQ,455180.KQ,케이지에이
365270,KOSDAQ,365270.KQ,큐라클
250000,KOSDAQ,250000.KQ,보라티알
037440,KOSDAQ,037440.KQ,희림
105760,KOSDAQ,105760.KQ,포스뱅크
391710,KOSDAQ,391710.KQ,코닉오토메이션
465480,KOSDAQ,465480.KQ,인스피언
290090,KOSDAQ,290090.KQ,트윔
047770,KOSDAQ,047770.KQ,코데즈컴바인
340930,KOSDAQ,340930.KQ,유일에너테크
373200,KOSDAQ,373200.KQ,엑스플러스
091440,KOSDAQ,091440.KQ,한울소재과학
309930,KOSDAQ,309930.KQ,오하임앤컴퍼니
017650,KOSDAQ,017650.KQ,대림제지
010240,KOSDAQ,010240.KQ,흥국
217330,KOSDAQ,217330.KQ,싸이토젠
217190,KOSDAQ,217190.KQ,제너셈
087260,KOSDAQ,087260.KQ,모바일어플라이언스
471820,KOSDAQ,471820.KQ,셀로맥스사이언스
021880,KOSDAQ,021880.KQ,메이슨캐피탈
172670,KOSDAQ,172670.KQ,에이엘티
263050,KOSDAQ,263050.KQ,유틸렉스
051490,KOSDAQ,051490.KQ,나라엠앤디
065130,KOSDAQ,065130.KQ,탑엔지니어링
040610,KOSDAQ,040610.KQ,SG&G
239610,KOSDAQ,239610.KQ,에이치엘사이언스
148250,KOSDAQ,148250.KQ,알엔투테크놀로지
010280,KOSDAQ,010280.KQ,아이티센엔텍
059120,KOSDAQ,059120.KQ,아진엑스텍
094940,KOSDAQ,094940.KQ,푸른기술
064480,KOSDAQ,064480.KQ,브리지텍
007680,KOSDAQ,007680.KQ,대원
263690,KOSDAQ,263690.KQ,디알젬
037230,KOSDAQ,037230.KQ,한국팩키지
111870,KOSDAQ,111870.KQ,KH 미래물산
066130,KOSDAQ,066130.KQ,하츠
332370,KOSDAQ,332370.KQ,아이디피
049550,KOSDAQ,049550.KQ,잉크테크
376180,KOSDAQ,376180.KQ,피코그램
072470,KOSDAQ,072470.KQ,우리산업홀딩스
171010,KOSDAQ,171010.KQ,램테크놀러지
224110,KOSDAQ,224110.KQ,에이텍모빌리티
129920,KOSDAQ,129920.KQ,대성하이텍
317850,KOSDAQ,317850.KQ,대모
227950,KOSDAQ,227950.KQ,엔투텍
318020,KOSDAQ,318020.KQ,포인트모바일
039010,KOSDAQ,039010.KQ,현대에이치티
089150,KOSDAQ,089150.KQ,케이씨티
019540,KOSDAQ,019540.KQ,일지테크
004780,KOSDAQ,004780.KQ,대륙제관
037030,KOSDAQ,037030.KQ,파워넷
066670,KOSDAQ,066670.KQ,디티씨
067920,KOSDAQ,067920.KQ,이글루
187790,KOSDAQ,187790.KQ,나노
003310,KOSDAQ,003310.KQ,대주산업
464280,KOSDAQ,464280.KQ,티디에스팜
024910,KOSDAQ,024910.KQ,경창산업
189690,KOSDAQ,189690.KQ,포시에스
052670,KOSDAQ,052670.KQ,제일바이오
065950,KOSDAQ,065950.KQ,웰크론
361570,KOSDAQ,361570.KQ,알비더블유
263770,KOSDAQ,263770.KQ,유에스티
474610,KOSDAQ,474610.KQ,RF시스템즈
318160,KOSDAQ,318160.KQ,셀바이오휴먼텍
450330,KOSDAQ,450330.KQ,하스
246690,KOSDAQ,246690.KQ,TS인베스트먼트
078890,KOSDAQ,078890.KQ,가온그룹
389030,KOSDAQ,389030.KQ,지니너스
100030,KOSDAQ,100030.KQ,인지소프트
059270,KOSDAQ,059270.KQ,해성에어로보틱스
037330,KOSDAQ,037330.KQ,인지디스플레
045340,KOSDAQ,045340.KQ,토탈소프트
065650,KOSDAQ,065650.KQ,하이퍼코퍼레이션
462510,KOSDAQ,462510.KQ,라메디텍
087600,KOSDAQ,087600.KQ,픽셀플러스
440290,KOSDAQ,440290.KQ,HB인베스트먼트
096630,KOSDAQ,096630.KQ,에스코넥
236810,KOSDAQ,236810.KQ,엔비티
038010,KOSDAQ,038010.KQ,제일테크노스
359090,KOSDAQ,359090.KQ,씨엔알리서치
900340,KOSDAQ,900340.KQ,윙입푸드
376290,KOSDAQ,376290.KQ,씨유테크
279600,KOSDAQ,279600.KQ,미디어젠
033130,KOSDAQ,033130.KQ,디지틀조선
073110,KOSDAQ,073110.KQ,엘엠에스
068050,KOSDAQ,068050.KQ,팬엔터테인먼트
037760,KOSDAQ,037760.KQ,쎄니트
053620,KOSDAQ,053620.KQ,태양
027580,KOSDAQ,027580.KQ,상보
450520,KOSDAQ,450520.KQ,인스웨이브
208860,KOSDAQ,208860.KQ,엔지스테크널러지
099520,KOSDAQ,099520.KQ,DGI
066430,KOSDAQ,066430.KQ,아이로보틱스
033170,KOSDAQ,033170.KQ,시그네틱스
321370,KOSDAQ,321370.KQ,센서뷰
173940,KOSDAQ,173940.KQ,에프엔씨엔터
056730,KOSDAQ,056730.KQ,CNT85
036170,KOSDAQ,036170.KQ,에이치엠넥스
413630,KOSDAQ,413630.KQ,씨피시스템
245620,KOSDAQ,245620.KQ,EDGC
219420,KOSDAQ,219420.KQ,링크제니시스
056700,KOSDAQ,056700.KQ,신화인터텍
057030,KOSDAQ,057030.KQ,YBM넷
290720,KOSDAQ,290720.KQ,푸드나무
005670,KOSDAQ,005670.KQ,푸드웰
080010,KOSDAQ,080010.KQ,이상네트웍스
290380,KOSDAQ,290380.KQ,대유
239340,KOSDAQ,239340.KQ,이스트에이드
323350,KOSDAQ,323350.KQ,다원넥스뷰
150900,KOSDAQ,150900.KQ,파수
097870,KOSDAQ,097870.KQ,효성오앤비
101000,KOSDAQ,101000.KQ,KS인더스트리
066910,KOSDAQ,066910.KQ,손오공
321260,KOSDAQ,321260.KQ,프로이천
420570,KOSDAQ,420570.KQ,제이투케이바이오
007530,KOSDAQ,007530.KQ,와이엠
331380,KOSDAQ,331380.KQ,포커스에이아이
024950,KOSDAQ,024950.KQ,삼천리자전거
097800,KOSDAQ,097800.KQ,윈팩
336060,KOSDAQ,336060.KQ,웨이버스
239890,KOSDAQ,239890.KQ,피엔에이치테크
008370,KOSDAQ,008370.KQ,원풍
088130,KOSDAQ,088130.KQ,동아엘텍
351330,KOSDAQ,351330.KQ,이삭엔지니어링
069410,KOSDAQ,069410.KQ,엔텔스
038870,KOSDAQ,038870.KQ,에코바이오
057540,KOSDAQ,057540.KQ,옴니시스템
198080,KOSDAQ,198080.KQ,캐프
122350,KOSDAQ,122350.KQ,삼기
069540,KOSDAQ,069540.KQ,빛과전자
290740,KOSDAQ,290740.KQ,액트로
430690,KOSDAQ,430690.KQ,한싹
271830,KOSDAQ,271830.KQ,팸텍
044960,KOSDAQ,044960.KQ,이글벳
170790,KOSDAQ,170790.KQ,파이오링크
082210,KOSDAQ,082210.KQ,옵트론텍
217480,KOSDAQ,217480.KQ,에스디생명공학
352910,KOSDAQ,352910.KQ,오비고
109080,KOSDAQ,109080.KQ,옵티시스
377220,KOSDAQ,377220.KQ,프롬바이오
327260,KOSDAQ,327260.KQ,RF머트리얼즈
046970,KOSDAQ,046970.KQ,우리로
109820,KOSDAQ,109820.KQ,진매트릭스
299170,KOSDAQ,299170.KQ,더블유에스아이
217500,KOSDAQ,217500.KQ,러셀
184230,KOSDAQ,184230.KQ,SGA솔루션즈
046390,KOSDAQ,046390.KQ,삼화네트웍스
088910,KOSDAQ,088910.KQ,동우팜투테이블
318410,KOSDAQ,318410.KQ,비비씨
036180,KOSDAQ,036180.KQ,지더블유바이텍
363260,KOSDAQ,363260.KQ,모비데이즈
270870,KOSDAQ,270870.KQ,뉴트리
039290,KOSDAQ,039290.KQ,인포뱅크
014190,KOSDAQ,014190.KQ,원익큐브
046940,KOSDAQ,046940.KQ,우원개발
360350,KOSDAQ,360350.KQ,코셈
052770,KOSDAQ,052770.KQ,아이톡시
189330,KOSDAQ,189330.KQ,씨이랩
123570,KOSDAQ,123570.KQ,이엠넷
052900,KOSDAQ,052900.KQ,KX하이텍
273060,KOSDAQ,273060.KQ,와이즈버즈
219550,KOSDAQ,219550.KQ,디와이디
056360,KOSDAQ,056360.KQ,코위버
103840,KOSDAQ,103840.KQ,우양
033540,KOSDAQ,033540.KQ,파라텍
049830,KOSDAQ,049830.KQ,승일
900110,KOSDAQ,900110.KQ,이스트아시아홀딩스
418620,KOSDAQ,418620.KQ,E8
065370,KOSDAQ,065370.KQ,위세아이텍
294090,KOSDAQ,294090.KQ,이오플로우
131100,KOSDAQ,131100.KQ,티엔엔터테인먼트
220180,KOSDAQ,220180.KQ,핸디소프트
263920,KOSDAQ,263920.KQ,휴엠앤씨
060850,KOSDAQ,060850.KQ,영림원소프트랩
314140,KOSDAQ,314140.KQ,알피바이오
153460,KOSDAQ,153460.KQ,네이블
440320,KOSDAQ,440320.KQ,오픈놀
104040,KOSDAQ,104040.KQ,대성파인텍
096610,KOSDAQ,096610.KQ,알에프세미
092300,KOSDAQ,092300.KQ,현우산업
052600,KOSDAQ,052600.KQ,한네트
140520,KOSDAQ,140520.KQ,대창스틸
014570,KOSDAQ,014570.KQ,고려제약
053160,KOSDAQ,053160.KQ,프리엠스
277410,KOSDAQ,277410.KQ,인산가
037370,KOSDAQ,037370.KQ,EG
099390,KOSDAQ,099390.KQ,브레인즈컴퍼니
304840,KOSDAQ,304840.KQ,피플바이오
340810,KOSDAQ,340810.KQ,시선AI
033560,KOSDAQ,033560.KQ,블루콤
052300,KOSDAQ,052300.KQ,오션인더블유
238120,KOSDAQ,238120.KQ,얼라인드
256150,KOSDAQ,256150.KQ,한독크린텍
462980,KOSDAQ,462980.KQ,아이지넷
043200,KOSDAQ,043200.KQ,파루
016600,KOSDAQ,016600.KQ,큐캐피탈
106080,KOSDAQ,106080.KQ,케이이엠텍
242040,KOSDAQ,242040.KQ,나무기술
091590,KOSDAQ,091590.KQ,남화토건
114450,KOSDAQ,114450.KQ,그린생명과학
159010,KOSDAQ,159010.KQ,아스플로
258610,KOSDAQ,258610.KQ,케일럼
100590,KOSDAQ,100590.KQ,머큐리
033200,KOSDAQ,033200.KQ,모아텍
434480,KOSDAQ,434480.KQ,모니터랩
303360,KOSDAQ,303360.KQ,프로티아
096690,KOSDAQ,096690.KQ,에이루트
424980,KOSDAQ,424980.KQ,마이크로투나노
016100,KOSDAQ,016100.KQ,리더스코스메틱
460470,KOSDAQ,460470.KQ,아이빔테크놀로지
064520,KOSDAQ,064520.KQ,테크엘
053950,KOSDAQ,053950.KQ,경남제약
026040,KOSDAQ,026040.KQ,제이에스티나
042040,KOSDAQ,042040.KQ,케이피엠테크
040160,KOSDAQ,040160.KQ,누리플렉스
043340,KOSDAQ,043340.KQ,에쎈테크
099410,KOSDAQ,099410.KQ,동방선기
075130,KOSDAQ,075130.KQ,플랜티넷
122690,KOSDAQ,122690.KQ,서진오토모티브
032860,KOSDAQ,032860.KQ,더라미
128540,KOSDAQ,128540.KQ,에코캡
900300,KOSDAQ,900300.KQ,오가닉티코스메틱
263810,KOSDAQ,263810.KQ,상신전자
438700,KOSDAQ,438700.KQ,버넥트
900310,KOSDAQ,900310.KQ,컬러레이
464580,KOSDAQ,464580.KQ,닷밀
448740,KOSDAQ,448740.KQ,삼성스팩8호
049180,KOSDAQ,049180.KQ,셀루메드
066900,KOSDAQ,066900.KQ,디에이피
046310,KOSDAQ,046310.KQ,백금T&A
117670,KOSDAQ,117670.KQ,알파칩스
317530,KOSDAQ,317530.KQ,캐리소프트
262840,KOSDAQ,262840.KQ,아이퀘스트
086040,KOSDAQ,086040.KQ,바이오톡스텍
133750,KOSDAQ,133750.KQ,메가엠디
082660,KOSDAQ,082660.KQ,코스나인
126640,KOSDAQ,126640.KQ,화신정공
308100,KOSDAQ,308100.KQ,형지글로벌
050860,KOSDAQ,050860.KQ,아세아텍
178780,KOSDAQ,178780.KQ,일월지엠엘
238090,KOSDAQ,238090.KQ,앤디포스
368600,KOSDAQ,368600.KQ,아이씨에이치
303530,KOSDAQ,303530.KQ,이노뎁
049120,KOSDAQ,049120.KQ,파인디앤씨
221980,KOSDAQ,221980.KQ,케이디켐
212560,KOSDAQ,212560.KQ,네오오토
190650,KOSDAQ,190650.KQ,코리아에셋투자증권
203450,KOSDAQ,203450.KQ,유니온바이오메트릭스
340440,KOSDAQ,340440.KQ,세림B&G
114630,KOSDAQ,114630.KQ,폴라리스우노
025880,KOSDAQ,025880.KQ,케이씨피드
085910,KOSDAQ,085910.KQ,네오티스
354200,KOSDAQ,354200.KQ,엔젠바이오
322780,KOSDAQ,322780.KQ,코퍼스코리아
036690,KOSDAQ,036690.KQ,코맥스
464500,KOSDAQ,464500.KQ,아이언디바이스
052460,KOSDAQ,052460.KQ,아이크래프트
195500,KOSDAQ,195500.KQ,마니커에프앤지
140430,KOSDAQ,140430.KQ,카티스
002290,KOSDAQ,002290.KQ,삼일기업공사
038620,KOSDAQ,038620.KQ,위즈코프
019770,KOSDAQ,019770.KQ,서연탑메탈
022220,KOSDAQ,022220.KQ,티케이지애강
032790,KOSDAQ,032790.KQ,엠젠솔루션
418250,KOSDAQ,418250.KQ,시큐레터
101240,KOSDAQ,101240.KQ,씨큐브
286750,KOSDAQ,286750.KQ,나노실리칸첨단소재
129890,KOSDAQ,129890.KQ,앱코
032960,KOSDAQ,032960.KQ,동일기연
123840,KOSDAQ,123840.KQ,뉴온
452300,KOSDAQ,452300.KQ,캡스톤파트너스
383930,KOSDAQ,383930.KQ,디티앤씨알오
254120,KOSDAQ,254120.KQ,자비스
318000,KOSDAQ,318000.KQ,KBG
115160,KOSDAQ,115160.KQ,휴맥스
306040,KOSDAQ,306040.KQ,에스제이그룹
351320,KOSDAQ,351320.KQ,넥사다이내믹스
006050,KOSDAQ,006050.KQ,국영지앤엠
075970,KOSDAQ,075970.KQ,동국알앤에스
065440,KOSDAQ,065440.KQ,이루온
045060,KOSDAQ,045060.KQ,오공
013810,KOSDAQ,013810.KQ,스페코
221840,KOSDAQ,221840.KQ,하이즈항공
274400,KOSDAQ,274400.KQ,이노시뮬레이션
179530,KOSDAQ,179530.KQ,애드바이오텍
100660,KOSDAQ,100660.KQ,서암기계공업
051390,KOSDAQ,051390.KQ,YW
001000,KOSDAQ,001000.KQ,신라섬유
313760,KOSDAQ,313760.KQ,캐리
376980,KOSDAQ,376980.KQ,원티드랩
024940,KOSDAQ,024940.KQ,PN풍년
353590,KOSDAQ,353590.KQ,오토앤
200780,KOSDAQ,200780.KQ,비씨월드제약
298060,KOSDAQ,298060.KQ,에스씨엠생명과학
089790,KOSDAQ,089790.KQ,제이티
900270,KOSDAQ,900270.KQ,헝셩그룹
900100,KOSDAQ,900100.KQ,애머릿지
222980,KOSDAQ,222980.KQ,한국맥널티
048470,KOSDAQ,048470.KQ,대동스틸
104200,KOSDAQ,104200.KQ,NHN벅스
263020,KOSDAQ,263020.KQ,디케이앤디
210120,KOSDAQ,210120.KQ,캔버스엔
031310,KOSDAQ,031310.KQ,아이즈비전
081580,KOSDAQ,081580.KQ,성우전자
417180,KOSDAQ,417180.KQ,핑거스토리
406820,KOSDAQ,406820.KQ,뷰티스킨
288980,KOSDAQ,288980.KQ,모아데이타
018700,KOSDAQ,018700.KQ,바른손
109670,KOSDAQ,109670.KQ,씨싸이트
094970,KOSDAQ,094970.KQ,제이엠티
290120,KOSDAQ,290120.KQ,DH오토리드
088290,KOSDAQ,088290.KQ,이원컴포텍
038060,KOSDAQ,038060.KQ,루멘스
363250,KOSDAQ,363250.KQ,진시스템
457600,KOSDAQ,457600.KQ,벡트
387570,KOSDAQ,387570.KQ,파인메딕스
238490,KOSDAQ,238490.KQ,힘스
024120,KOSDAQ,024120.KQ,KB오토시스
348030,KOSDAQ,348030.KQ,모비릭스
225220,KOSDAQ,225220.KQ,제놀루션
138070,KOSDAQ,138070.KQ,신진에스엠
071850,KOSDAQ,071850.KQ,캐스텍코리아
373170,KOSDAQ,373170.KQ,엠아이큐브솔루션
072770,KOSDAQ,072770.KQ,율호
053290,KOSDAQ,053290.KQ,NE능률
032750,KOSDAQ,032750.KQ,삼진
177830,KOSDAQ,177830.KQ,파버나인
049080,KOSDAQ,049080.KQ,기가레인
021650,KOSDAQ,021650.KQ,한국큐빅
137080,KOSDAQ,137080.KQ,나래나노텍
079000,KOSDAQ,079000.KQ,와토스코리아
072950,KOSDAQ,072950.KQ,빛샘전자
020180,KOSDAQ,020180.KQ,대신정보통신
475660,KOSDAQ,475660.KQ,에스켐
083550,KOSDAQ,083550.KQ,케이엠
011080,KOSDAQ,011080.KQ,형지I&C
088280,KOSDAQ,088280.KQ,쏘닉스
257370,KOSDAQ,257370.KQ,피엔티엠에스
307280,KOSDAQ,307280.KQ,원바이오젠
332290,KOSDAQ,332290.KQ,누보
228340,KOSDAQ,228340.KQ,동양파일
025440,KOSDAQ,025440.KQ,DH오토웨어
169330,KOSDAQ,169330.KQ,엠브레인
130500,KOSDAQ,130500.KQ,GH신소재
372800,KOSDAQ,372800.KQ,아이티아이즈
018680,KOSDAQ,018680.KQ,서울제약
080520,KOSDAQ,080520.KQ,오디텍
148930,KOSDAQ,148930.KQ,에이치와이티씨
227610,KOSDAQ,227610.KQ,아우딘퓨쳐스
285800,KOSDAQ,285800.KQ,진영
452980,KOSDAQ,452980.KQ,신한제11호스팩
032580,KOSDAQ,032580.KQ,피델릭스
356890,KOSDAQ,356890.KQ,싸이버원
367000,KOSDAQ,367000.KQ,플래티어
127710,KOSDAQ,127710.KQ,아시아경제
222420,KOSDAQ,222420.KQ,쎄노텍
079170,KOSDAQ,079170.KQ,한창산업
296640,KOSDAQ,296640.KQ,이노룰스
066360,KOSDAQ,066360.KQ,체리부로
119500,KOSDAQ,119500.KQ,포메탈
303030,KOSDAQ,303030.KQ,지니틱스
131220,KOSDAQ,131220.KQ,대한과학
226340,KOSDAQ,226340.KQ,본느
076080,KOSDAQ,076080.KQ,웰크론한텍
086060,KOSDAQ,086060.KQ,진바이오텍
900260,KOSDAQ,900260.KQ,로스웰
095910,KOSDAQ,095910.KQ,에스에너지
189860,KOSDAQ,189860.KQ,서전기전
328380,KOSDAQ,328380.KQ,솔트웨어
187270,KOSDAQ,187270.KQ,신화콘텍
115480,KOSDAQ,115480.KQ,씨유메디칼
038950,KOSDAQ,038950.KQ,파인디지털
377330,KOSDAQ,377330.KQ,이지트로닉스
405920,KOSDAQ,405920.KQ,나라셀라
196490,KOSDAQ,196490.KQ,디에이테크놀로지
110020,KOSDAQ,110020.KQ,전진바이오팜
050120,KOSDAQ,050120.KQ,ES큐브
139670,KOSDAQ,139670.KQ,키네마스터
153490,KOSDAQ,153490.KQ,우리이앤엘
469750,KOSDAQ,469750.KQ,아이비젼웍스
001840,KOSDAQ,001840.KQ,이화공영
373110,KOSDAQ,373110.KQ,엑셀세라퓨틱스
059100,KOSDAQ,059100.KQ,아이컴포넌트
138360,KOSDAQ,138360.KQ,협진
035620,KOSDAQ,035620.KQ,바른손이앤에이
068940,KOSDAQ,068940.KQ,셀피글로벌
252500,KOSDAQ,252500.KQ,세화피앤씨
001810,KOSDAQ,001810.KQ,무림SP
398120,KOSDAQ,398120.KQ,에스지헬스케어
415380,KOSDAQ,415380.KQ,스튜디오삼익
347770,KOSDAQ,347770.KQ,핌스
431190,KOSDAQ,431190.KQ,케이쓰리아이
362990,KOSDAQ,362990.KQ,드림인사이트
060540,KOSDAQ,060540.KQ,에스에이티
019660,KOSDAQ,019660.KQ,글로본
290270,KOSDAQ,290270.KQ,휴네시온
221800,KOSDAQ,221800.KQ,유투바이오
016670,KOSDAQ,016670.KQ,디모아
006920,KOSDAQ,006920.KQ,모헨즈
012620,KOSDAQ,012620.KQ,원일특강
032680,KOSDAQ,032680.KQ,소프트센
335810,KOSDAQ,335810.KQ,프리시젼바이오
058110,KOSDAQ,058110.KQ,멕아이씨에스
052860,KOSDAQ,052860.KQ,아이앤씨
067010,KOSDAQ,067010.KQ,이씨에스
333050,KOSDAQ,333050.KQ,모코엠시스
131760,KOSDAQ,131760.KQ,파인텍
051380,KOSDAQ,051380.KQ,피씨디렉트
208640,KOSDAQ,208640.KQ,썸에이지
432980,KOSDAQ,432980.KQ,엠에프씨
089140,KOSDAQ,089140.KQ,넥스턴바이오
131090,KOSDAQ,131090.KQ,시큐브
310870,KOSDAQ,310870.KQ,디와이씨
146060,KOSDAQ,146060.KQ,율촌
067170,KOSDAQ,067170.KQ,오텍
007770,KOSDAQ,007770.KQ,한일화학
115530,KOSDAQ,115530.KQ,씨엔플러스
284620,KOSDAQ,284620.KQ,카이노스메드
355690,KOSDAQ,355690.KQ,에이텀
034940,KOSDAQ,034940.KQ,조아제약
008470,KOSDAQ,008470.KQ,부스타
035200,KOSDAQ,035200.KQ,프럼파스트
159910,KOSDAQ,159910.KQ,에코글로우
079650,KOSDAQ,079650.KQ,서산
267790,KOSDAQ,267790.KQ,배럴
193250,KOSDAQ,193250.KQ,링크드
047080,KOSDAQ,047080.KQ,한빛소프트
187220,KOSDAQ,187220.KQ,디티앤씨
258790,KOSDAQ,258790.KQ,소프트캠프
016920,KOSDAQ,016920.KQ,카스
060230,KOSDAQ,060230.KQ,소니드
123010,KOSDAQ,123010.KQ,아이윈플러스
137940,KOSDAQ,137940.KQ,넥스트아이
419540,KOSDAQ,419540.KQ,비스토스
038530,KOSDAQ,038530.KQ,케이바이오
045300,KOSDAQ,045300.KQ,성우테크론
076610,KOSDAQ,076610.KQ,해성옵틱스
335870,KOSDAQ,335870.KQ,윙스풋
318010,KOSDAQ,318010.KQ,팜스빌
085810,KOSDAQ,085810.KQ,알티캐스트
312610,KOSDAQ,312610.KQ,에이에프더블류
291650,KOSDAQ,291650.KQ,압타머사이언스
068100,KOSDAQ,068100.KQ,케이웨더
192390,KOSDAQ,192390.KQ,윈하이텍
090150,KOSDAQ,090150.KQ,아이윈
196450,KOSDAQ,196450.KQ,코아시아씨엠
091340,KOSDAQ,091340.KQ,S&K폴리텍
048770,KOSDAQ,048770.KQ,TPC
036480,KOSDAQ,036480.KQ,대성미생물
113810,KOSDAQ,113810.KQ,디젠스
080470,KOSDAQ,080470.KQ,성창오토텍
276730,KOSDAQ,276730.KQ,한울앤제주
017000,KOSDAQ,017000.KQ,신원종합개발
067730,KOSDAQ,067730.KQ,로지시스
331520,KOSDAQ,331520.KQ,밸로프
405000,KOSDAQ,405000.KQ,플라즈맵
198940,KOSDAQ,198940.KQ,한주라이트메탈
246250,KOSDAQ,246250.KQ,에스엘에스바이오
035460,KOSDAQ,035460.KQ,기산텔레콤
045510,KOSDAQ,045510.KQ,정원엔시스
089230,KOSDAQ,089230.KQ,THE E&M
451700,KOSDAQ,451700.KQ,엔에이치스팩29호
237750,KOSDAQ,237750.KQ,피앤씨테크
412350,KOSDAQ,412350.KQ,레이저쎌
131180,KOSDAQ,131180.KQ,딜리
060900,KOSDAQ,060900.KQ,DGP
037400,KOSDAQ,037400.KQ,우리엔터프라이즈
240600,KOSDAQ,240600.KQ,유진테크놀로지
033050,KOSDAQ,033050.KQ,제이엠아이
023770,KOSDAQ,023770.KQ,플레이위드
032080,KOSDAQ,032080.KQ,아즈텍WB
031510,KOSDAQ,031510.KQ,오스템
214610,KOSDAQ,214610.KQ,더바이오메드
018620,KOSDAQ,018620.KQ,우진비앤지
060380,KOSDAQ,060380.KQ,동양에스텍
297570,KOSDAQ,297570.KQ,알로이스
238200,KOSDAQ,238200.KQ,비피도
021040,KOSDAQ,021040.KQ,대호특수강
353190,KOSDAQ,353190.KQ,휴럼
197140,KOSDAQ,197140.KQ,디지캡
291810,KOSDAQ,291810.KQ,핀텔
192410,KOSDAQ,192410.KQ,오늘이엔엠
199730,KOSDAQ,199730.KQ,바이오인프라
429270,KOSDAQ,429270.KQ,시지트로닉스
012340,KOSDAQ,012340.KQ,뉴인텍
143540,KOSDAQ,143540.KQ,영우디에스피
039310,KOSDAQ,039310.KQ,세중
215380,KOSDAQ,215380.KQ,우정바이오
290520,KOSDAQ,290520.KQ,신도기연
043220,KOSDAQ,043220.KQ,티에스넥스젠
045520,KOSDAQ,045520.KQ,크린앤사이언스
154030,KOSDAQ,154030.KQ,아시아종묘
093380,KOSDAQ,093380.KQ,풍강
208710,KOSDAQ,208710.KQ,포톤
232830,KOSDAQ,232830.KQ,아이티센피엔에스
078590,KOSDAQ,078590.KQ,휴림에이텍
217620,KOSDAQ,217620.KQ,선샤인푸드
094860,KOSDAQ,094860.KQ,네오리진
073190,KOSDAQ,073190.KQ,듀오백
352940,KOSDAQ,352940.KQ,인바이오
121850,KOSDAQ,121850.KQ,코이즈
050760,KOSDAQ,050760.KQ,에스폴리텍
464680,KOSDAQ,464680.KQ,KB제27호스팩
225590,KOSDAQ,225590.KQ,패션플랫폼
028080,KOSDAQ,028080.KQ,휴맥스홀딩스
331920,KOSDAQ,331920.KQ,셀레믹스
083640,KOSDAQ,083640.KQ,인콘
377460,KOSDAQ,377460.KQ,위니아에이드
365900,KOSDAQ,365900.KQ,브이씨
115570,KOSDAQ,115570.KQ,스타플렉스
289010,KOSDAQ,289010.KQ,아이스크림에듀
290560,KOSDAQ,290560.KQ,신시웨이
368970,KOSDAQ,368970.KQ,오에스피
229000,KOSDAQ,229000.KQ,젠큐릭스
098660,KOSDAQ,098660.KQ,에스티오
276040,KOSDAQ,276040.KQ,스코넥
032800,KOSDAQ,032800.KQ,판타지오
070590,KOSDAQ,070590.KQ,한솔인티큐브
389680,KOSDAQ,389680.KQ,유디엠텍
900070,KOSDAQ,900070.KQ,글로벌에스엠
002680,KOSDAQ,002680.KQ,한탑
208350,KOSDAQ,208350.KQ,지란지교시큐리티
103230,KOSDAQ,103230.KQ,에스앤더블류
101400,KOSDAQ,101400.KQ,엔시트론
014100,KOSDAQ,014100.KQ,메디앙스
317120,KOSDAQ,317120.KQ,라닉스
147760,KOSDAQ,147760.KQ,피엠티
139050,KOSDAQ,139050.KQ,BF랩스
032280,KOSDAQ,032280.KQ,삼일
054940,KOSDAQ,054940.KQ,엑사이엔씨
361670,KOSDAQ,361670.KQ,삼영에스앤씨
044780,KOSDAQ,044780.KQ,에이치케이
204630,KOSDAQ,204630.KQ,스튜디오산타클로스
084440,KOSDAQ,084440.KQ,유비온
154040,KOSDAQ,154040.KQ,다산솔루에타
065150,KOSDAQ,065150.KQ,대산F&B
025870,KOSDAQ,025870.KQ,신라에스지
247660,KOSDAQ,247660.KQ,나노씨엠에스
053060,KOSDAQ,053060.KQ,세동
009620,KOSDAQ,009620.KQ,삼보산업
258830,KOSDAQ,258830.KQ,세종메디칼
091970,KOSDAQ,091970.KQ,나노캠텍
344860,KOSDAQ,344860.KQ,이노진
900120,KOSDAQ,900120.KQ,씨엑스아이
039740,KOSDAQ,039740.KQ,한국정보공학
065420,KOSDAQ,065420.KQ,에스아이리소스
054220,KOSDAQ,054220.KQ,비츠로시스
317240,KOSDAQ,317240.KQ,TS트릴리온
017250,KOSDAQ,017250.KQ,인터엠
134060,KOSDAQ,134060.KQ,이퓨쳐
080720,KOSDAQ,080720.KQ,한국유니온제약
065170,KOSDAQ,065170.KQ,비엘팜텍
230980,KOSDAQ,230980.KQ,비유테크놀러지
050090,KOSDAQ,050090.KQ,비케이홀딩스
215480,KOSDAQ,215480.KQ,토박스코리아
065060,KOSDAQ,065060.KQ,지엔코
069140,KOSDAQ,069140.KQ,누리플랜
060260,KOSDAQ,060260.KQ,뉴보텍
073540,KOSDAQ,073540.KQ,에프알텍
054090,KOSDAQ,054090.KQ,삼진엘앤디
054410,KOSDAQ,054410.KQ,케이피티유
043360,KOSDAQ,043360.KQ,디지아이
449020,KOSDAQ,449020.KQ,유안타제13호스팩
048830,KOSDAQ,048830.KQ,엔피케이
019570,KOSDAQ,019570.KQ,플루토스
060480,KOSDAQ,060480.KQ,국일신동
008290,KOSDAQ,008290.KQ,원풍물산
130740,KOSDAQ,130740.KQ,티피씨글로벌
067770,KOSDAQ,067770.KQ,세진티에스
070300,KOSDAQ,070300.KQ,엑스큐어
177350,KOSDAQ,177350.KQ,베셀
065770,KOSDAQ,065770.KQ,CS
083470,KOSDAQ,083470.KQ,이엠앤아이
115610,KOSDAQ,115610.KQ,이미지스
196700,KOSDAQ,196700.KQ,웹스
275630,KOSDAQ,275630.KQ,에스에스알
020400,KOSDAQ,020400.KQ,대동금속
225430,KOSDAQ,225430.KQ,케이엠제약
043590,KOSDAQ,043590.KQ,웰킵스하이텍
063760,KOSDAQ,063760.KQ,이엘피
035290,KOSDAQ,035290.KQ,골드앤에스
121890,KOSDAQ,121890.KQ,에스디시스템
466910,KOSDAQ,466910.KQ,엔에이치스팩30호
079190,KOSDAQ,079190.KQ,케스피온
101680,KOSDAQ,101680.KQ,한국정밀기계
106240,KOSDAQ,106240.KQ,파인테크닉스
191410,KOSDAQ,191410.KQ,육일씨엔에쓰
123750,KOSDAQ,123750.KQ,알톤
215790,KOSDAQ,215790.KQ,이노인스트루먼트
027040,KOSDAQ,027040.KQ,서울전자통신
051780,KOSDAQ,051780.KQ,큐로홀딩스
241820,KOSDAQ,241820.KQ,피씨엘
188260,KOSDAQ,188260.KQ,세니젠
250930,KOSDAQ,250930.KQ,예선테크
424760,KOSDAQ,424760.KQ,벨로크
478780,KOSDAQ,478780.KQ,대신밸런스제18호스팩
454750,KOSDAQ,454750.KQ,하나28호스팩
031860,KOSDAQ,031860.KQ,디에이치엑스컴퍼니
096870,KOSDAQ,096870.KQ,엘디티
026910,KOSDAQ,026910.KQ,광진실업
482680,KOSDAQ,482680.KQ,미래에셋비전스팩7호
477380,KOSDAQ,477380.KQ,미래에셋비전스팩4호
069330,KOSDAQ,069330.KQ,유아이디
092600,KOSDAQ,092600.KQ,앤씨앤
106520,KOSDAQ,106520.KQ,노블엠앤비
457630,KOSDAQ,457630.KQ,대신밸런스제16호스팩
079950,KOSDAQ,079950.KQ,인베니아
023790,KOSDAQ,023790.KQ,동일스틸럭스
477340,KOSDAQ,477340.KQ,에이치엠씨제7호스팩
058450,KOSDAQ,058450.KQ,한주에이알티
469880,KOSDAQ,469880.KQ,하나30호스팩
430220,KOSDAQ,430220.KQ,신영스팩8호
227100,KOSDAQ,227100.KQ,퀀텀온
065690,KOSDAQ,065690.KQ,파커스
479880,KOSDAQ,479880.KQ,한국제15호스팩
044180,KOSDAQ,044180.KQ,KD
473050,KOSDAQ,473050.KQ,유안타제15호스팩
224060,KOSDAQ,224060.KQ,더코디
478440,KOSDAQ,478440.KQ,미래에셋비전스팩6호
446190,KOSDAQ,446190.KQ,미래에셋비전스팩2호
352770,KOSDAQ,352770.KQ,셀레스트라
489480,KOSDAQ,489480.KQ,키움제11호스팩
032980,KOSDAQ,032980.KQ,바이온
030350,KOSDAQ,030350.KQ,드래곤플라이
471050,KOSDAQ,471050.KQ,대신밸런스제17호스팩
044480,KOSDAQ,044480.KQ,빌리언스
481890,KOSDAQ,481890.KQ,엔에이치스팩31호
489730,KOSDAQ,489730.KQ,디비금융제13호스팩
478390,KOSDAQ,478390.KQ,KB제29호스팩
446840,KOSDAQ,446840.KQ,키움제8호스팩
054180,KOSDAQ,054180.KQ,메디콕스
0037T0,KOSDAQ,0037T0.KQ,KB제32호스팩
446750,KOSDAQ,446750.KQ,하나26호스팩
054630,KOSDAQ,054630.KQ,에이디칩스
492220,KOSDAQ,492220.KQ,KB제31호스팩
482520,KOSDAQ,482520.KQ,교보16호스팩
065570,KOSDAQ,065570.KQ,삼영이엔씨
477760,KOSDAQ,477760.KQ,DB금융스팩12호
448370,KOSDAQ,448370.KQ,하나27호스팩
482690,KOSDAQ,482690.KQ,대신밸런스제19호스팩
174880,KOSDAQ,174880.KQ,장원테크
474660,KOSDAQ,474660.KQ,신한제12호스팩
445970,KOSDAQ,445970.KQ,신영스팩9호
477470,KOSDAQ,477470.KQ,미래에셋비전스팩5호
487360,KOSDAQ,487360.KQ,신한제14호스팩
469900,KOSDAQ,469900.KQ,하나31호스팩
496070,KOSDAQ,496070.KQ,신한제16호스팩
454640,KOSDAQ,454640.KQ,하나29호스팩
474490,KOSDAQ,474490.KQ,유안타제16호스팩
446150,KOSDAQ,446150.KQ,유안타제12호스팩
486630,KOSDAQ,486630.KQ,KB제30호스팩
444920,KOSDAQ,444920.KQ,유안타제11호스팩
493790,KOSDAQ,493790.KQ,유안타제17호스팩
452670,KOSDAQ,452670.KQ,상상인제4호스팩
03481K,KOSDAQ,03481K.KQ,해성산업1우
448830,KOSDAQ,448830.KQ,미래에셋비전스팩3호
0004Y0,KOSDAQ,0004Y0.KQ,디비금융제14호스팩
489210,KOSDAQ,489210.KQ,교보17호스팩
450050,KOSDAQ,450050.KQ,하이제8호스팩
455310,KOSDAQ,455310.KQ,한화플러스제4호스팩
455910,KOSDAQ,455910.KQ,에스케이증권제9호스팩
472220,KOSDAQ,472220.KQ,신영스팩10호
478110,KOSDAQ,478110.KQ,이베스트스팩6호
448760,KOSDAQ,448760.KQ,IBKS제22호스팩
498390,KOSDAQ,498390.KQ,한화플러스제5호스팩
488060,KOSDAQ,488060.KQ,유진스팩11호
450940,KOSDAQ,450940.KQ,유안타제14호스팩
484130,KOSDAQ,484130.KQ,하나34호스팩
442770,KOSDAQ,442770.KQ,IBKS제21호스팩
467930,KOSDAQ,467930.KQ,IBKS제23호스팩
464440,KOSDAQ,464440.KQ,한국제13호스팩
455250,KOSDAQ,455250.KQ,KB제25호스팩
469480,KOSDAQ,469480.KQ,IBKS제24호스팩
456490,KOSDAQ,456490.KQ,교보14호스팩
473950,KOSDAQ,473950.KQ,에스케이증권제13호스팩
468760,KOSDAQ,468760.KQ,유진스팩10호
458610,KOSDAQ,458610.KQ,한국제12호스팩
244460,KOSDAQ,244460.KQ,올리패스
487830,KOSDAQ,487830.KQ,신한제15호스팩
462020,KOSDAQ,462020.KQ,에이치엠씨제6호스팩
487720,KOSDAQ,487720.KQ,키움제10호스팩
465320,KOSDAQ,465320.KQ,교보15호스팩
473370,KOSDAQ,473370.KQ,비엔케이제2호스팩
472230,KOSDAQ,472230.KQ,에스케이증권제11호스팩
0041J0,KOSDAQ,0041J0.KQ,엘에스스팩1호
475250,KOSDAQ,475250.KQ,하나33호스팩
474930,KOSDAQ,474930.KQ,신한제13호스팩
457940,KOSDAQ,457940.KQ,에스케이증권제10호스팩
079970,KOSDAQ,079970.KQ,투비소프트
475240,KOSDAQ,475240.KQ,하나32호스팩
473000,KOSDAQ,473000.KQ,에스케이증권제12호스팩
060240,KOSDAQ,060240.KQ,스타코링크
101390,KOSDAQ,101390.KQ,아이엠
043090,KOSDAQ,043090.KQ,더테크놀로지
032685,KOSDAQ,032685.KQ,소프트센우
021045,KOSDAQ,021045.KQ,대호특수강우
